<?xml version = "1.1" encoding="UTF-8" standalone="yes"?>
<CmplSolutions version="1.0">
   <general>
       <instanceName>inst_100_50_100_50_75_25_45$_01_7.cmpl</instanceName>
       <nrOfVariables>1000000</nrOfVariables>
       <nrOfConstraints>35050</nrOfConstraints>
       <objectiveName>cost</objectiveName>
       <objectiveSense>min</objectiveSense>
       <nrOfSolutions>1</nrOfSolutions>
       <solverName>GLPK</solverName>
       <variablesDisplayOptions>nonZeroVariables (all)</variablesDisplayOptions>
       <constraintsDisplayOptions>nonZeroConstraints (all)</constraintsDisplayOptions>
   </general>
   <solution idx="0" status="integer feasible (non-optimal)" value="52563">
       <variables>
           <variable idx="13740" name="y[1,69,71,1]" type="I" activity="1" lowerBound="0" upperBound="1" marginal="NaN"/>
           <variable idx="14073" name="y[1,71,37,2]" type="I" activity="1" lowerBound="0" upperBound="1" marginal="NaN"/>
           <variable idx="24238" name="y[2,22,20,1]" type="I" activity="1" lowerBound="0" upperBound="1" marginal="NaN"/>
           <variable idx="28043" name="y[2,41,22,2]" type="I" activity="1" lowerBound="0" upperBound="1" marginal="NaN"/>
           <variable idx="28280" name="y[2,42,41,1]" type="I" activity="1" lowerBound="0" upperBound="1" marginal="NaN"/>
           <variable idx="30683" name="y[2,54,42,2]" type="I" activity="1" lowerBound="0" upperBound="1" marginal="NaN"/>
           <variable idx="52528" name="y[3,63,65,1]" type="I" activity="1" lowerBound="0" upperBound="1" marginal="NaN"/>
           <variable idx="52930" name="y[3,65,66,1]" type="I" activity="1" lowerBound="0" upperBound="1" marginal="NaN"/>
           <variable idx="53025" name="y[3,66,13,2]" type="I" activity="1" lowerBound="0" upperBound="1" marginal="NaN"/>
           <variable idx="76368" name="y[4,82,85,1]" type="I" activity="1" lowerBound="0" upperBound="1" marginal="NaN"/>
           <variable idx="76895" name="y[4,85,48,2]" type="I" activity="1" lowerBound="0" upperBound="1" marginal="NaN"/>
           <variable idx="90502" name="y[5,53,52,1]" type="I" activity="1" lowerBound="0" upperBound="1" marginal="NaN"/>
           <variable idx="91104" name="y[5,56,53,1]" type="I" activity="1" lowerBound="0" upperBound="1" marginal="NaN"/>
           <variable idx="95711" name="y[5,79,56,2]" type="I" activity="1" lowerBound="0" upperBound="1" marginal="NaN"/>
           <variable idx="118354" name="y[6,92,78,1]" type="I" activity="1" lowerBound="0" upperBound="1" marginal="NaN"/>
           <variable idx="120806" name="y[7,5,4,1]" type="I" activity="1" lowerBound="0" upperBound="1" marginal="NaN"/>
           <variable idx="124209" name="y[7,22,5,2]" type="I" activity="1" lowerBound="0" upperBound="1" marginal="NaN"/>
           <variable idx="124442" name="y[7,23,22,1]" type="I" activity="1" lowerBound="0" upperBound="1" marginal="NaN"/>
           <variable idx="138445" name="y[7,93,23,2]" type="I" activity="1" lowerBound="0" upperBound="1" marginal="NaN"/>
           <variable idx="138784" name="y[7,94,93,1]" type="I" activity="1" lowerBound="0" upperBound="1" marginal="NaN"/>
           <variable idx="159178" name="y[8,96,90,1]" type="I" activity="1" lowerBound="0" upperBound="1" marginal="NaN"/>
           <variable idx="159590" name="y[8,98,96,1]" type="I" activity="1" lowerBound="0" upperBound="1" marginal="NaN"/>
           <variable idx="165250" name="y[9,27,26,1]" type="I" activity="1" lowerBound="0" upperBound="1" marginal="NaN"/>
           <variable idx="165652" name="y[9,29,27,1]" type="I" activity="1" lowerBound="0" upperBound="1" marginal="NaN"/>
           <variable idx="170457" name="y[9,53,29,2]" type="I" activity="1" lowerBound="0" upperBound="1" marginal="NaN"/>
           <variable idx="197376" name="y[10,87,89,1]" type="I" activity="1" lowerBound="0" upperBound="1" marginal="NaN"/>
           <variable idx="205066" name="y[11,26,34,1]" type="I" activity="1" lowerBound="0" upperBound="1" marginal="NaN"/>
           <variable idx="206715" name="y[11,34,58,2]" type="I" activity="1" lowerBound="0" upperBound="1" marginal="NaN"/>
           <variable idx="211516" name="y[11,58,59,1]" type="I" activity="1" lowerBound="0" upperBound="1" marginal="NaN"/>
           <variable idx="211718" name="y[11,59,60,1]" type="I" activity="1" lowerBound="0" upperBound="1" marginal="NaN"/>
           <variable idx="233717" name="y[12,69,59,2]" type="I" activity="1" lowerBound="0" upperBound="1" marginal="NaN"/>
           <variable idx="234336" name="y[12,72,69,1]" type="I" activity="1" lowerBound="0" upperBound="1" marginal="NaN"/>
           <variable idx="234542" name="y[12,73,72,1]" type="I" activity="1" lowerBound="0" upperBound="1" marginal="NaN"/>
           <variable idx="259174" name="y[13,96,88,1]" type="I" activity="1" lowerBound="0" upperBound="1" marginal="NaN"/>
           <variable idx="264036" name="y[14,21,19,1]" type="I" activity="1" lowerBound="0" upperBound="1" marginal="NaN"/>
           <variable idx="264840" name="y[14,25,21,1]" type="I" activity="1" lowerBound="0" upperBound="1" marginal="NaN"/>
           <variable idx="265048" name="y[14,26,25,1]" type="I" activity="1" lowerBound="0" upperBound="1" marginal="NaN"/>
           <variable idx="292324" name="y[15,62,63,1]" type="I" activity="1" lowerBound="0" upperBound="1" marginal="NaN"/>
           <variable idx="292528" name="y[15,63,65,1]" type="I" activity="1" lowerBound="0" upperBound="1" marginal="NaN"/>
           <variable idx="292959" name="y[15,65,80,2]" type="I" activity="1" lowerBound="0" upperBound="1" marginal="NaN"/>
           <variable idx="295956" name="y[15,80,79,1]" type="I" activity="1" lowerBound="0" upperBound="1" marginal="NaN"/>
           <variable idx="315085" name="y[16,76,43,2]" type="I" activity="1" lowerBound="0" upperBound="1" marginal="NaN"/>
           <variable idx="315350" name="y[16,77,76,1]" type="I" activity="1" lowerBound="0" upperBound="1" marginal="NaN"/>
           <variable idx="315552" name="y[16,78,77,1]" type="I" activity="1" lowerBound="0" upperBound="1" marginal="NaN"/>
           <variable idx="318354" name="y[16,92,78,1]" type="I" activity="1" lowerBound="0" upperBound="1" marginal="NaN"/>
           <variable idx="320806" name="y[17,5,4,1]" type="I" activity="1" lowerBound="0" upperBound="1" marginal="NaN"/>
           <variable idx="329409" name="y[17,48,5,2]" type="I" activity="1" lowerBound="0" upperBound="1" marginal="NaN"/>
           <variable idx="329694" name="y[17,49,48,1]" type="I" activity="1" lowerBound="0" upperBound="1" marginal="NaN"/>
           <variable idx="339297" name="y[17,97,49,2]" type="I" activity="1" lowerBound="0" upperBound="1" marginal="NaN"/>
           <variable idx="350918" name="y[18,55,60,1]" type="I" activity="1" lowerBound="0" upperBound="1" marginal="NaN"/>
           <variable idx="362218" name="y[19,12,10,1]" type="I" activity="1" lowerBound="0" upperBound="1" marginal="NaN"/>
           <variable idx="362422" name="y[19,13,12,1]" type="I" activity="1" lowerBound="0" upperBound="1" marginal="NaN"/>
           <variable idx="362824" name="y[19,15,13,1]" type="I" activity="1" lowerBound="0" upperBound="1" marginal="NaN"/>
           <variable idx="376429" name="y[19,83,15,2]" type="I" activity="1" lowerBound="0" upperBound="1" marginal="NaN"/>
           <variable idx="377164" name="y[19,86,83,1]" type="I" activity="1" lowerBound="0" upperBound="1" marginal="NaN"/>
           <variable idx="377370" name="y[19,87,86,1]" type="I" activity="1" lowerBound="0" upperBound="1" marginal="NaN"/>
           <variable idx="385247" name="y[20,27,24,2]" type="I" activity="1" lowerBound="0" upperBound="1" marginal="NaN"/>
           <variable idx="387882" name="y[20,40,42,1]" type="I" activity="1" lowerBound="0" upperBound="1" marginal="NaN"/>
           <variable idx="388078" name="y[20,41,40,1]" type="I" activity="1" lowerBound="0" upperBound="1" marginal="NaN"/>
           <variable idx="388280" name="y[20,42,41,1]" type="I" activity="1" lowerBound="0" upperBound="1" marginal="NaN"/>
           <variable idx="389053" name="y[20,46,27,2]" type="I" activity="1" lowerBound="0" upperBound="1" marginal="NaN"/>
           <variable idx="389290" name="y[20,47,46,1]" type="I" activity="1" lowerBound="0" upperBound="1" marginal="NaN"/>
           <variable idx="391492" name="y[20,58,47,1]" type="I" activity="1" lowerBound="0" upperBound="1" marginal="NaN"/>
           <variable idx="400071" name="y[21,1,36,2]" type="I" activity="1" lowerBound="0" upperBound="1" marginal="NaN"/>
           <variable idx="407072" name="y[21,36,37,1]" type="I" activity="1" lowerBound="0" upperBound="1" marginal="NaN"/>
           <variable idx="407305" name="y[21,37,53,2]" type="I" activity="1" lowerBound="0" upperBound="1" marginal="NaN"/>
           <variable idx="410506" name="y[21,53,54,1]" type="I" activity="1" lowerBound="0" upperBound="1" marginal="NaN"/>
           <variable idx="427907" name="y[22,40,54,2]" type="I" activity="1" lowerBound="0" upperBound="1" marginal="NaN"/>
           <variable idx="430718" name="y[22,54,60,1]" type="I" activity="1" lowerBound="0" upperBound="1" marginal="NaN"/>
           <variable idx="441008" name="y[23,6,5,1]" type="I" activity="1" lowerBound="0" upperBound="1" marginal="NaN"/>
           <variable idx="443011" name="y[23,16,6,2]" type="I" activity="1" lowerBound="0" upperBound="1" marginal="NaN"/>
           <variable idx="444630" name="y[23,24,16,1]" type="I" activity="1" lowerBound="0" upperBound="1" marginal="NaN"/>
           <variable idx="444846" name="y[23,25,24,1]" type="I" activity="1" lowerBound="0" upperBound="1" marginal="NaN"/>
           <variable idx="469127" name="y[24,46,64,2]" type="I" activity="1" lowerBound="0" upperBound="1" marginal="NaN"/>
           <variable idx="472728" name="y[24,64,65,1]" type="I" activity="1" lowerBound="0" upperBound="1" marginal="NaN"/>
           <variable idx="482224" name="y[25,12,13,1]" type="I" activity="1" lowerBound="0" upperBound="1" marginal="NaN"/>
           <variable idx="482430" name="y[25,13,16,1]" type="I" activity="1" lowerBound="0" upperBound="1" marginal="NaN"/>
           <variable idx="501418" name="y[26,8,10,1]" type="I" activity="1" lowerBound="0" upperBound="1" marginal="NaN"/>
           <variable idx="501861" name="y[26,10,31,2]" type="I" activity="1" lowerBound="0" upperBound="1" marginal="NaN"/>
           <variable idx="506066" name="y[26,31,34,1]" type="I" activity="1" lowerBound="0" upperBound="1" marginal="NaN"/>
           <variable idx="506670" name="y[26,34,36,1]" type="I" activity="1" lowerBound="0" upperBound="1" marginal="NaN"/>
           <variable idx="507074" name="y[26,36,38,1]" type="I" activity="1" lowerBound="0" upperBound="1" marginal="NaN"/>
           <variable idx="535138" name="y[27,76,70,1]" type="I" activity="1" lowerBound="0" upperBound="1" marginal="NaN"/>
           <variable idx="535350" name="y[27,77,76,1]" type="I" activity="1" lowerBound="0" upperBound="1" marginal="NaN"/>
           <variable idx="536952" name="y[27,85,77,1]" type="I" activity="1" lowerBound="0" upperBound="1" marginal="NaN"/>
           <variable idx="541006" name="y[28,6,4,1]" type="I" activity="1" lowerBound="0" upperBound="1" marginal="NaN"/>
           <variable idx="541210" name="y[28,7,6,1]" type="I" activity="1" lowerBound="0" upperBound="1" marginal="NaN"/>
           <variable idx="571761" name="y[29,59,81,2]" type="I" activity="1" lowerBound="0" upperBound="1" marginal="NaN"/>
           <variable idx="572116" name="y[29,61,59,1]" type="I" activity="1" lowerBound="0" upperBound="1" marginal="NaN"/>
           <variable idx="594142" name="y[30,71,72,1]" type="I" activity="1" lowerBound="0" upperBound="1" marginal="NaN"/>
           <variable idx="607274" name="y[31,37,38,1]" type="I" activity="1" lowerBound="0" upperBound="1" marginal="NaN"/>
           <variable idx="614073" name="y[31,71,37,2]" type="I" activity="1" lowerBound="0" upperBound="1" marginal="NaN"/>
           <variable idx="614340" name="y[31,72,71,1]" type="I" activity="1" lowerBound="0" upperBound="1" marginal="NaN"/>
           <variable idx="614542" name="y[31,73,72,1]" type="I" activity="1" lowerBound="0" upperBound="1" marginal="NaN"/>
           <variable idx="615144" name="y[31,76,73,1]" type="I" activity="1" lowerBound="0" upperBound="1" marginal="NaN"/>
           <variable idx="615350" name="y[31,77,76,1]" type="I" activity="1" lowerBound="0" upperBound="1" marginal="NaN"/>
           <variable idx="618553" name="y[31,93,77,2]" type="I" activity="1" lowerBound="0" upperBound="1" marginal="NaN"/>
           <variable idx="631314" name="y[32,57,58,1]" type="I" activity="1" lowerBound="0" upperBound="1" marginal="NaN"/>
           <variable idx="631518" name="y[32,58,60,1]" type="I" activity="1" lowerBound="0" upperBound="1" marginal="NaN"/>
           <variable idx="631975" name="y[32,60,88,2]" type="I" activity="1" lowerBound="0" upperBound="1" marginal="NaN"/>
           <variable idx="637578" name="y[32,88,90,1]" type="I" activity="1" lowerBound="0" upperBound="1" marginal="NaN"/>
           <variable idx="637980" name="y[32,90,91,1]" type="I" activity="1" lowerBound="0" upperBound="1" marginal="NaN"/>
           <variable idx="644295" name="y[33,22,48,2]" type="I" activity="1" lowerBound="0" upperBound="1" marginal="NaN"/>
           <variable idx="644642" name="y[33,24,22,1]" type="I" activity="1" lowerBound="0" upperBound="1" marginal="NaN"/>
           <variable idx="644846" name="y[33,25,24,1]" type="I" activity="1" lowerBound="0" upperBound="1" marginal="NaN"/>
           <variable idx="649496" name="y[33,48,49,1]" type="I" activity="1" lowerBound="0" upperBound="1" marginal="NaN"/>
           <variable idx="649700" name="y[33,49,51,1]" type="I" activity="1" lowerBound="0" upperBound="1" marginal="NaN"/>
           <variable idx="667876" name="y[34,40,39,1]" type="I" activity="1" lowerBound="0" upperBound="1" marginal="NaN"/>
           <variable idx="668078" name="y[34,41,40,1]" type="I" activity="1" lowerBound="0" upperBound="1" marginal="NaN"/>
           <variable idx="668880" name="y[34,45,41,1]" type="I" activity="1" lowerBound="0" upperBound="1" marginal="NaN"/>
           <variable idx="675689" name="y[34,79,45,2]" type="I" activity="1" lowerBound="0" upperBound="1" marginal="NaN"/>
           <variable idx="678757" name="y[34,94,79,2]" type="I" activity="1" lowerBound="0" upperBound="1" marginal="NaN"/>
           <variable idx="678986" name="y[34,95,94,1]" type="I" activity="1" lowerBound="0" upperBound="1" marginal="NaN"/>
           <variable idx="680402" name="y[35,3,2,1]" type="I" activity="1" lowerBound="0" upperBound="1" marginal="NaN"/>
           <variable idx="687276" name="y[35,37,39,1]" type="I" activity="1" lowerBound="0" upperBound="1" marginal="NaN"/>
           <variable idx="687678" name="y[35,39,40,1]" type="I" activity="1" lowerBound="0" upperBound="1" marginal="NaN"/>
           <variable idx="687805" name="y[35,40,3,2]" type="I" activity="1" lowerBound="0" upperBound="1" marginal="NaN"/>
           <variable idx="700424" name="y[36,3,13,1]" type="I" activity="1" lowerBound="0" upperBound="1" marginal="NaN"/>
           <variable idx="731969" name="y[37,60,85,2]" type="I" activity="1" lowerBound="0" upperBound="1" marginal="NaN"/>
           <variable idx="732118" name="y[37,61,60,1]" type="I" activity="1" lowerBound="0" upperBound="1" marginal="NaN"/>
           <variable idx="732320" name="y[37,62,61,1]" type="I" activity="1" lowerBound="0" upperBound="1" marginal="NaN"/>
           <variable idx="736764" name="y[37,84,83,1]" type="I" activity="1" lowerBound="0" upperBound="1" marginal="NaN"/>
           <variable idx="736966" name="y[37,85,84,1]" type="I" activity="1" lowerBound="0" upperBound="1" marginal="NaN"/>
           <variable idx="740810" name="y[38,5,6,1]" type="I" activity="1" lowerBound="0" upperBound="1" marginal="NaN"/>
           <variable idx="741014" name="y[38,6,8,1]" type="I" activity="1" lowerBound="0" upperBound="1" marginal="NaN"/>
           <variable idx="741416" name="y[38,8,9,1]" type="I" activity="1" lowerBound="0" upperBound="1" marginal="NaN"/>
           <variable idx="741735" name="y[38,9,68,2]" type="I" activity="1" lowerBound="0" upperBound="1" marginal="NaN"/>
           <variable idx="765860" name="y[39,30,31,1]" type="I" activity="1" lowerBound="0" upperBound="1" marginal="NaN"/>
           <variable idx="766064" name="y[39,31,33,1]" type="I" activity="1" lowerBound="0" upperBound="1" marginal="NaN"/>
           <variable idx="766486" name="y[39,33,44,1]" type="I" activity="1" lowerBound="0" upperBound="1" marginal="NaN"/>
           <variable idx="768787" name="y[39,44,94,2]" type="I" activity="1" lowerBound="0" upperBound="1" marginal="NaN"/>
           <variable idx="778794" name="y[39,94,98,1]" type="I" activity="1" lowerBound="0" upperBound="1" marginal="NaN"/>
           <variable idx="799192" name="y[40,96,97,1]" type="I" activity="1" lowerBound="0" upperBound="1" marginal="NaN"/>
           <variable idx="799257" name="y[40,97,29,2]" type="I" activity="1" lowerBound="0" upperBound="1" marginal="NaN"/>
           <variable idx="813530" name="y[41,68,66,1]" type="I" activity="1" lowerBound="0" upperBound="1" marginal="NaN"/>
           <variable idx="814134" name="y[41,71,68,1]" type="I" activity="1" lowerBound="0" upperBound="1" marginal="NaN"/>
           <variable idx="818341" name="y[41,92,71,2]" type="I" activity="1" lowerBound="0" upperBound="1" marginal="NaN"/>
           <variable idx="818582" name="y[41,93,92,1]" type="I" activity="1" lowerBound="0" upperBound="1" marginal="NaN"/>
           <variable idx="818784" name="y[41,94,93,1]" type="I" activity="1" lowerBound="0" upperBound="1" marginal="NaN"/>
           <variable idx="818986" name="y[41,95,94,1]" type="I" activity="1" lowerBound="0" upperBound="1" marginal="NaN"/>
           <variable idx="827282" name="y[42,37,42,1]" type="I" activity="1" lowerBound="0" upperBound="1" marginal="NaN"/>
           <variable idx="828288" name="y[42,42,45,1]" type="I" activity="1" lowerBound="0" upperBound="1" marginal="NaN"/>
           <variable idx="828892" name="y[42,45,47,1]" type="I" activity="1" lowerBound="0" upperBound="1" marginal="NaN"/>
           <variable idx="829300" name="y[42,47,51,1]" type="I" activity="1" lowerBound="0" upperBound="1" marginal="NaN"/>
           <variable idx="844042" name="y[43,21,22,1]" type="I" activity="1" lowerBound="0" upperBound="1" marginal="NaN"/>
           <variable idx="844295" name="y[43,22,48,2]" type="I" activity="1" lowerBound="0" upperBound="1" marginal="NaN"/>
           <variable idx="849496" name="y[43,48,49,1]" type="I" activity="1" lowerBound="0" upperBound="1" marginal="NaN"/>
           <variable idx="860812" name="y[44,5,7,1]" type="I" activity="1" lowerBound="0" upperBound="1" marginal="NaN"/>
           <variable idx="861220" name="y[44,7,11,1]" type="I" activity="1" lowerBound="0" upperBound="1" marginal="NaN"/>
           <variable idx="882024" name="y[45,11,13,1]" type="I" activity="1" lowerBound="0" upperBound="1" marginal="NaN"/>
           <variable idx="882455" name="y[45,13,28,2]" type="I" activity="1" lowerBound="0" upperBound="1" marginal="NaN"/>
           <variable idx="885456" name="y[45,28,29,1]" type="I" activity="1" lowerBound="0" upperBound="1" marginal="NaN"/>
           <variable idx="885660" name="y[45,29,31,1]" type="I" activity="1" lowerBound="0" upperBound="1" marginal="NaN"/>
           <variable idx="886073" name="y[45,31,37,2]" type="I" activity="1" lowerBound="0" upperBound="1" marginal="NaN"/>
           <variable idx="887274" name="y[45,37,38,1]" type="I" activity="1" lowerBound="0" upperBound="1" marginal="NaN"/>
           <variable idx="887533" name="y[45,38,67,2]" type="I" activity="1" lowerBound="0" upperBound="1" marginal="NaN"/>
           <variable idx="916764" name="y[46,84,83,1]" type="I" activity="1" lowerBound="0" upperBound="1" marginal="NaN"/>
           <variable idx="916966" name="y[46,85,84,1]" type="I" activity="1" lowerBound="0" upperBound="1" marginal="NaN"/>
           <variable idx="937370" name="y[47,87,86,1]" type="I" activity="1" lowerBound="0" upperBound="1" marginal="NaN"/>
           <variable idx="937572" name="y[47,88,87,1]" type="I" activity="1" lowerBound="0" upperBound="1" marginal="NaN"/>
           <variable idx="939174" name="y[47,96,88,1]" type="I" activity="1" lowerBound="0" upperBound="1" marginal="NaN"/>
           <variable idx="939390" name="y[47,97,96,1]" type="I" activity="1" lowerBound="0" upperBound="1" marginal="NaN"/>
           <variable idx="952722" name="y[48,64,62,1]" type="I" activity="1" lowerBound="0" upperBound="1" marginal="NaN"/>
           <variable idx="955154" name="y[48,76,78,1]" type="I" activity="1" lowerBound="0" upperBound="1" marginal="NaN"/>
           <variable idx="955527" name="y[48,78,64,2]" type="I" activity="1" lowerBound="0" upperBound="1" marginal="NaN"/>
           <variable idx="957950" name="y[48,90,76,1]" type="I" activity="1" lowerBound="0" upperBound="1" marginal="NaN"/>
           <variable idx="958578" name="y[48,93,90,1]" type="I" activity="1" lowerBound="0" upperBound="1" marginal="NaN"/>
           <variable idx="958784" name="y[48,94,93,1]" type="I" activity="1" lowerBound="0" upperBound="1" marginal="NaN"/>
           <variable idx="975483" name="y[49,78,42,2]" type="I" activity="1" lowerBound="0" upperBound="1" marginal="NaN"/>
           <variable idx="976554" name="y[49,83,78,1]" type="I" activity="1" lowerBound="0" upperBound="1" marginal="NaN"/>
           <variable idx="977364" name="y[49,87,83,1]" type="I" activity="1" lowerBound="0" upperBound="1" marginal="NaN"/>
           <variable idx="977572" name="y[49,88,87,1]" type="I" activity="1" lowerBound="0" upperBound="1" marginal="NaN"/>
           <variable idx="989896" name="y[50,50,49,1]" type="I" activity="1" lowerBound="0" upperBound="1" marginal="NaN"/>
       </variables>
       <linearConstraints> 
           <constraint idx="20" name="bilancio[1,21]" type="E" activity="-1" lowerBound="-1" upperBound="-1" marginal="NaN"/>
           <constraint idx="84" name="bilancio[2,35]" type="E" activity="1" lowerBound="1" upperBound="1" marginal="NaN"/>
           <constraint idx="135" name="bilancio[3,36]" type="E" activity="-1" lowerBound="-1" upperBound="-1" marginal="NaN"/>
           <constraint idx="156" name="bilancio[4,7]" type="E" activity="1" lowerBound="1" upperBound="1" marginal="NaN"/>
           <constraint idx="166" name="bilancio[4,17]" type="E" activity="1" lowerBound="1" upperBound="1" marginal="NaN"/>
           <constraint idx="177" name="bilancio[4,28]" type="E" activity="1" lowerBound="1" upperBound="1" marginal="NaN"/>
           <constraint idx="222" name="bilancio[5,23]" type="E" activity="1" lowerBound="1" upperBound="1" marginal="NaN"/>
           <constraint idx="237" name="bilancio[5,38]" type="E" activity="-1" lowerBound="-1" upperBound="-1" marginal="NaN"/>
           <constraint idx="243" name="bilancio[5,44]" type="E" activity="-1" lowerBound="-1" upperBound="-1" marginal="NaN"/>
           <constraint idx="327" name="bilancio[7,28]" type="E" activity="-1" lowerBound="-1" upperBound="-1" marginal="NaN"/>
           <constraint idx="375" name="bilancio[8,26]" type="E" activity="-1" lowerBound="-1" upperBound="-1" marginal="NaN"/>
           <constraint idx="468" name="bilancio[10,19]" type="E" activity="1" lowerBound="1" upperBound="1" marginal="NaN"/>
           <constraint idx="543" name="bilancio[11,44]" type="E" activity="1" lowerBound="1" upperBound="1" marginal="NaN"/>
           <constraint idx="544" name="bilancio[11,45]" type="E" activity="-1" lowerBound="-1" upperBound="-1" marginal="NaN"/>
           <constraint idx="574" name="bilancio[12,25]" type="E" activity="-1" lowerBound="-1" upperBound="-1" marginal="NaN"/>
           <constraint idx="602" name="bilancio[13,3]" type="E" activity="1" lowerBound="1" upperBound="1" marginal="NaN"/>
           <constraint idx="635" name="bilancio[13,36]" type="E" activity="1" lowerBound="1" upperBound="1" marginal="NaN"/>
           <constraint idx="774" name="bilancio[16,25]" type="E" activity="1" lowerBound="1" upperBound="1" marginal="NaN"/>
           <constraint idx="913" name="bilancio[19,14]" type="E" activity="1" lowerBound="1" upperBound="1" marginal="NaN"/>
           <constraint idx="951" name="bilancio[20,2]" type="E" activity="1" lowerBound="1" upperBound="1" marginal="NaN"/>
           <constraint idx="1042" name="bilancio[21,43]" type="E" activity="-1" lowerBound="-1" upperBound="-1" marginal="NaN"/>
           <constraint idx="1169" name="bilancio[24,20]" type="E" activity="1" lowerBound="1" upperBound="1" marginal="NaN"/>
           <constraint idx="1222" name="bilancio[25,23]" type="E" activity="-1" lowerBound="-1" upperBound="-1" marginal="NaN"/>
           <constraint idx="1232" name="bilancio[25,33]" type="E" activity="-1" lowerBound="-1" upperBound="-1" marginal="NaN"/>
           <constraint idx="1258" name="bilancio[26,9]" type="E" activity="1" lowerBound="1" upperBound="1" marginal="NaN"/>
           <constraint idx="1260" name="bilancio[26,11]" type="E" activity="-1" lowerBound="-1" upperBound="-1" marginal="NaN"/>
           <constraint idx="1263" name="bilancio[26,14]" type="E" activity="-1" lowerBound="-1" upperBound="-1" marginal="NaN"/>
           <constraint idx="1439" name="bilancio[29,40]" type="E" activity="1" lowerBound="1" upperBound="1" marginal="NaN"/>
           <constraint idx="1488" name="bilancio[30,39]" type="E" activity="-1" lowerBound="-1" upperBound="-1" marginal="NaN"/>
           <constraint idx="1800" name="bilancio[37,1]" type="E" activity="1" lowerBound="1" upperBound="1" marginal="NaN"/>
           <constraint idx="1834" name="bilancio[37,35]" type="E" activity="-1" lowerBound="-1" upperBound="-1" marginal="NaN"/>
           <constraint idx="1841" name="bilancio[37,42]" type="E" activity="-1" lowerBound="-1" upperBound="-1" marginal="NaN"/>
           <constraint idx="1875" name="bilancio[38,26]" type="E" activity="1" lowerBound="1" upperBound="1" marginal="NaN"/>
           <constraint idx="1880" name="bilancio[38,31]" type="E" activity="1" lowerBound="1" upperBound="1" marginal="NaN"/>
           <constraint idx="1933" name="bilancio[39,34]" type="E" activity="1" lowerBound="1" upperBound="1" marginal="NaN"/>
           <constraint idx="1971" name="bilancio[40,22]" type="E" activity="-1" lowerBound="-1" upperBound="-1" marginal="NaN"/>
           <constraint idx="2098" name="bilancio[42,49]" type="E" activity="1" lowerBound="1" upperBound="1" marginal="NaN"/>
           <constraint idx="2115" name="bilancio[43,16]" type="E" activity="1" lowerBound="1" upperBound="1" marginal="NaN"/>
           <constraint idx="2273" name="bilancio[46,24]" type="E" activity="-1" lowerBound="-1" upperBound="-1" marginal="NaN"/>
           <constraint idx="2353" name="bilancio[48,4]" type="E" activity="1" lowerBound="1" upperBound="1" marginal="NaN"/>
           <constraint idx="2442" name="bilancio[49,43]" type="E" activity="1" lowerBound="1" upperBound="1" marginal="NaN"/>
           <constraint idx="2449" name="bilancio[49,50]" type="E" activity="1" lowerBound="1" upperBound="1" marginal="NaN"/>
           <constraint idx="2499" name="bilancio[50,50]" type="E" activity="-1" lowerBound="-1" upperBound="-1" marginal="NaN"/>
           <constraint idx="2532" name="bilancio[51,33]" type="E" activity="1" lowerBound="1" upperBound="1" marginal="NaN"/>
           <constraint idx="2541" name="bilancio[51,42]" type="E" activity="1" lowerBound="1" upperBound="1" marginal="NaN"/>
           <constraint idx="2554" name="bilancio[52,5]" type="E" activity="1" lowerBound="1" upperBound="1" marginal="NaN"/>
           <constraint idx="2608" name="bilancio[53,9]" type="E" activity="-1" lowerBound="-1" upperBound="-1" marginal="NaN"/>
           <constraint idx="2651" name="bilancio[54,2]" type="E" activity="-1" lowerBound="-1" upperBound="-1" marginal="NaN"/>
           <constraint idx="2670" name="bilancio[54,21]" type="E" activity="1" lowerBound="1" upperBound="1" marginal="NaN"/>
           <constraint idx="2717" name="bilancio[55,18]" type="E" activity="-1" lowerBound="-1" upperBound="-1" marginal="NaN"/>
           <constraint idx="2831" name="bilancio[57,32]" type="E" activity="-1" lowerBound="-1" upperBound="-1" marginal="NaN"/>
           <constraint idx="2869" name="bilancio[58,20]" type="E" activity="-1" lowerBound="-1" upperBound="-1" marginal="NaN"/>
           <constraint idx="2911" name="bilancio[59,12]" type="E" activity="1" lowerBound="1" upperBound="1" marginal="NaN"/>
           <constraint idx="2960" name="bilancio[60,11]" type="E" activity="1" lowerBound="1" upperBound="1" marginal="NaN"/>
           <constraint idx="2967" name="bilancio[60,18]" type="E" activity="1" lowerBound="1" upperBound="1" marginal="NaN"/>
           <constraint idx="2971" name="bilancio[60,22]" type="E" activity="1" lowerBound="1" upperBound="1" marginal="NaN"/>
           <constraint idx="3028" name="bilancio[61,29]" type="E" activity="-1" lowerBound="-1" upperBound="-1" marginal="NaN"/>
           <constraint idx="3064" name="bilancio[62,15]" type="E" activity="-1" lowerBound="-1" upperBound="-1" marginal="NaN"/>
           <constraint idx="3086" name="bilancio[62,37]" type="E" activity="-1" lowerBound="-1" upperBound="-1" marginal="NaN"/>
           <constraint idx="3097" name="bilancio[62,48]" type="E" activity="1" lowerBound="1" upperBound="1" marginal="NaN"/>
           <constraint idx="3102" name="bilancio[63,3]" type="E" activity="-1" lowerBound="-1" upperBound="-1" marginal="NaN"/>
           <constraint idx="3223" name="bilancio[65,24]" type="E" activity="1" lowerBound="1" upperBound="1" marginal="NaN"/>
           <constraint idx="3290" name="bilancio[66,41]" type="E" activity="1" lowerBound="1" upperBound="1" marginal="NaN"/>
           <constraint idx="3344" name="bilancio[67,45]" type="E" activity="1" lowerBound="1" upperBound="1" marginal="NaN"/>
           <constraint idx="3387" name="bilancio[68,38]" type="E" activity="1" lowerBound="1" upperBound="1" marginal="NaN"/>
           <constraint idx="3400" name="bilancio[69,1]" type="E" activity="-1" lowerBound="-1" upperBound="-1" marginal="NaN"/>
           <constraint idx="3476" name="bilancio[70,27]" type="E" activity="1" lowerBound="1" upperBound="1" marginal="NaN"/>
           <constraint idx="3529" name="bilancio[71,30]" type="E" activity="-1" lowerBound="-1" upperBound="-1" marginal="NaN"/>
           <constraint idx="3579" name="bilancio[72,30]" type="E" activity="1" lowerBound="1" upperBound="1" marginal="NaN"/>
           <constraint idx="3611" name="bilancio[73,12]" type="E" activity="-1" lowerBound="-1" upperBound="-1" marginal="NaN"/>
           <constraint idx="3855" name="bilancio[78,6]" type="E" activity="1" lowerBound="1" upperBound="1" marginal="NaN"/>
           <constraint idx="3904" name="bilancio[79,5]" type="E" activity="-1" lowerBound="-1" upperBound="-1" marginal="NaN"/>
           <constraint idx="3914" name="bilancio[79,15]" type="E" activity="1" lowerBound="1" upperBound="1" marginal="NaN"/>
           <constraint idx="4028" name="bilancio[81,29]" type="E" activity="1" lowerBound="1" upperBound="1" marginal="NaN"/>
           <constraint idx="4053" name="bilancio[82,4]" type="E" activity="-1" lowerBound="-1" upperBound="-1" marginal="NaN"/>
           <constraint idx="4136" name="bilancio[83,37]" type="E" activity="1" lowerBound="1" upperBound="1" marginal="NaN"/>
           <constraint idx="4145" name="bilancio[83,46]" type="E" activity="1" lowerBound="1" upperBound="1" marginal="NaN"/>
           <constraint idx="4226" name="bilancio[85,27]" type="E" activity="-1" lowerBound="-1" upperBound="-1" marginal="NaN"/>
           <constraint idx="4245" name="bilancio[85,46]" type="E" activity="-1" lowerBound="-1" upperBound="-1" marginal="NaN"/>
           <constraint idx="4296" name="bilancio[86,47]" type="E" activity="1" lowerBound="1" upperBound="1" marginal="NaN"/>
           <constraint idx="4309" name="bilancio[87,10]" type="E" activity="-1" lowerBound="-1" upperBound="-1" marginal="NaN"/>
           <constraint idx="4318" name="bilancio[87,19]" type="E" activity="-1" lowerBound="-1" upperBound="-1" marginal="NaN"/>
           <constraint idx="4362" name="bilancio[88,13]" type="E" activity="1" lowerBound="1" upperBound="1" marginal="NaN"/>
           <constraint idx="4398" name="bilancio[88,49]" type="E" activity="-1" lowerBound="-1" upperBound="-1" marginal="NaN"/>
           <constraint idx="4409" name="bilancio[89,10]" type="E" activity="1" lowerBound="1" upperBound="1" marginal="NaN"/>
           <constraint idx="4457" name="bilancio[90,8]" type="E" activity="1" lowerBound="1" upperBound="1" marginal="NaN"/>
           <constraint idx="4531" name="bilancio[91,32]" type="E" activity="1" lowerBound="1" upperBound="1" marginal="NaN"/>
           <constraint idx="4555" name="bilancio[92,6]" type="E" activity="-1" lowerBound="-1" upperBound="-1" marginal="NaN"/>
           <constraint idx="4565" name="bilancio[92,16]" type="E" activity="-1" lowerBound="-1" upperBound="-1" marginal="NaN"/>
           <constraint idx="4630" name="bilancio[93,31]" type="E" activity="-1" lowerBound="-1" upperBound="-1" marginal="NaN"/>
           <constraint idx="4656" name="bilancio[94,7]" type="E" activity="-1" lowerBound="-1" upperBound="-1" marginal="NaN"/>
           <constraint idx="4697" name="bilancio[94,48]" type="E" activity="-1" lowerBound="-1" upperBound="-1" marginal="NaN"/>
           <constraint idx="4733" name="bilancio[95,34]" type="E" activity="-1" lowerBound="-1" upperBound="-1" marginal="NaN"/>
           <constraint idx="4740" name="bilancio[95,41]" type="E" activity="-1" lowerBound="-1" upperBound="-1" marginal="NaN"/>
           <constraint idx="4762" name="bilancio[96,13]" type="E" activity="-1" lowerBound="-1" upperBound="-1" marginal="NaN"/>
           <constraint idx="4789" name="bilancio[96,40]" type="E" activity="-1" lowerBound="-1" upperBound="-1" marginal="NaN"/>
           <constraint idx="4816" name="bilancio[97,17]" type="E" activity="-1" lowerBound="-1" upperBound="-1" marginal="NaN"/>
           <constraint idx="4846" name="bilancio[97,47]" type="E" activity="-1" lowerBound="-1" upperBound="-1" marginal="NaN"/>
           <constraint idx="4857" name="bilancio[98,8]" type="E" activity="-1" lowerBound="-1" upperBound="-1" marginal="NaN"/>
           <constraint idx="4888" name="bilancio[98,39]" type="E" activity="1" lowerBound="1" upperBound="1" marginal="NaN"/>
           <constraint idx="5071" name="capacity[1,36,2]" type="L" activity="88" lowerBound="-INF" upperBound="106" marginal="NaN"/>
           <constraint idx="5402" name="capacity[3,2,1]" type="L" activity="82" lowerBound="-INF" upperBound="217" marginal="NaN"/>
           <constraint idx="5424" name="capacity[3,13,1]" type="L" activity="53" lowerBound="-INF" upperBound="199" marginal="NaN"/>
           <constraint idx="5806" name="capacity[5,4,1]" type="L" activity="123" lowerBound="-INF" upperBound="191" marginal="NaN"/>
           <constraint idx="5810" name="capacity[5,6,1]" type="L" activity="97" lowerBound="-INF" upperBound="199" marginal="NaN"/>
           <constraint idx="5812" name="capacity[5,7,1]" type="L" activity="85" lowerBound="-INF" upperBound="103" marginal="NaN"/>
           <constraint idx="6006" name="capacity[6,4,1]" type="L" activity="91" lowerBound="-INF" upperBound="253" marginal="NaN"/>
           <constraint idx="6008" name="capacity[6,5,1]" type="L" activity="99" lowerBound="-INF" upperBound="265" marginal="NaN"/>
           <constraint idx="6014" name="capacity[6,8,1]" type="L" activity="97" lowerBound="-INF" upperBound="289" marginal="NaN"/>
           <constraint idx="6210" name="capacity[7,6,1]" type="L" activity="91" lowerBound="-INF" upperBound="219" marginal="NaN"/>
           <constraint idx="6220" name="capacity[7,11,1]" type="L" activity="85" lowerBound="-INF" upperBound="135" marginal="NaN"/>
           <constraint idx="6416" name="capacity[8,9,1]" type="L" activity="97" lowerBound="-INF" upperBound="158" marginal="NaN"/>
           <constraint idx="6418" name="capacity[8,10,1]" type="L" activity="77" lowerBound="-INF" upperBound="119" marginal="NaN"/>
           <constraint idx="6735" name="capacity[9,68,2]" type="L" activity="97" lowerBound="-INF" upperBound="112" marginal="NaN"/>
           <constraint idx="6861" name="capacity[10,31,2]" type="L" activity="77" lowerBound="-INF" upperBound="134" marginal="NaN"/>
           <constraint idx="7024" name="capacity[11,13,1]" type="L" activity="62" lowerBound="-INF" upperBound="298" marginal="NaN"/>
           <constraint idx="7218" name="capacity[12,10,1]" type="L" activity="87" lowerBound="-INF" upperBound="275" marginal="NaN"/>
           <constraint idx="7224" name="capacity[12,13,1]" type="L" activity="54" lowerBound="-INF" upperBound="269" marginal="NaN"/>
           <constraint idx="7422" name="capacity[13,12,1]" type="L" activity="87" lowerBound="-INF" upperBound="184" marginal="NaN"/>
           <constraint idx="7430" name="capacity[13,16,1]" type="L" activity="54" lowerBound="-INF" upperBound="196" marginal="NaN"/>
           <constraint idx="7455" name="capacity[13,28,2]" type="L" activity="62" lowerBound="-INF" upperBound="126" marginal="NaN"/>
           <constraint idx="7824" name="capacity[15,13,1]" type="L" activity="87" lowerBound="-INF" upperBound="118" marginal="NaN"/>
           <constraint idx="8011" name="capacity[16,6,2]" type="L" activity="99" lowerBound="-INF" upperBound="139" marginal="NaN"/>
           <constraint idx="9036" name="capacity[21,19,1]" type="L" activity="80" lowerBound="-INF" upperBound="177" marginal="NaN"/>
           <constraint idx="9042" name="capacity[21,22,1]" type="L" activity="50" lowerBound="-INF" upperBound="121" marginal="NaN"/>
           <constraint idx="9209" name="capacity[22,5,2]" type="L" activity="65" lowerBound="-INF" upperBound="109" marginal="NaN"/>
           <constraint idx="9238" name="capacity[22,20,1]" type="L" activity="70" lowerBound="-INF" upperBound="204" marginal="NaN"/>
           <constraint idx="9295" name="capacity[22,48,2]" type="L" activity="127" lowerBound="-INF" upperBound="135" marginal="NaN"/>
           <constraint idx="9442" name="capacity[23,22,1]" type="L" activity="65" lowerBound="-INF" upperBound="298" marginal="NaN"/>
           <constraint idx="9630" name="capacity[24,16,1]" type="L" activity="99" lowerBound="-INF" upperBound="287" marginal="NaN"/>
           <constraint idx="9642" name="capacity[24,22,1]" type="L" activity="77" lowerBound="-INF" upperBound="104" marginal="NaN"/>
           <constraint idx="9840" name="capacity[25,21,1]" type="L" activity="80" lowerBound="-INF" upperBound="232" marginal="NaN"/>
           <constraint idx="9846" name="capacity[25,24,1]" type="L" activity="176" lowerBound="-INF" upperBound="222" marginal="NaN"/>
           <constraint idx="10048" name="capacity[26,25,1]" type="L" activity="80" lowerBound="-INF" upperBound="121" marginal="NaN"/>
           <constraint idx="10066" name="capacity[26,34,1]" type="L" activity="64" lowerBound="-INF" upperBound="291" marginal="NaN"/>
           <constraint idx="10247" name="capacity[27,24,2]" type="L" activity="73" lowerBound="-INF" upperBound="113" marginal="NaN"/>
           <constraint idx="10250" name="capacity[27,26,1]" type="L" activity="63" lowerBound="-INF" upperBound="169" marginal="NaN"/>
           <constraint idx="10456" name="capacity[28,29,1]" type="L" activity="62" lowerBound="-INF" upperBound="239" marginal="NaN"/>
           <constraint idx="10652" name="capacity[29,27,1]" type="L" activity="63" lowerBound="-INF" upperBound="277" marginal="NaN"/>
           <constraint idx="10660" name="capacity[29,31,1]" type="L" activity="62" lowerBound="-INF" upperBound="170" marginal="NaN"/>
           <constraint idx="10860" name="capacity[30,31,1]" type="L" activity="97" lowerBound="-INF" upperBound="210" marginal="NaN"/>
           <constraint idx="11064" name="capacity[31,33,1]" type="L" activity="97" lowerBound="-INF" upperBound="294" marginal="NaN"/>
           <constraint idx="11066" name="capacity[31,34,1]" type="L" activity="77" lowerBound="-INF" upperBound="158" marginal="NaN"/>
           <constraint idx="11073" name="capacity[31,37,2]" type="L" activity="62" lowerBound="-INF" upperBound="119" marginal="NaN"/>
           <constraint idx="11486" name="capacity[33,44,1]" type="L" activity="97" lowerBound="-INF" upperBound="204" marginal="NaN"/>
           <constraint idx="11670" name="capacity[34,36,1]" type="L" activity="77" lowerBound="-INF" upperBound="132" marginal="NaN"/>
           <constraint idx="11715" name="capacity[34,58,2]" type="L" activity="64" lowerBound="-INF" upperBound="143" marginal="NaN"/>
           <constraint idx="12072" name="capacity[36,37,1]" type="L" activity="88" lowerBound="-INF" upperBound="279" marginal="NaN"/>
           <constraint idx="12074" name="capacity[36,38,1]" type="L" activity="77" lowerBound="-INF" upperBound="297" marginal="NaN"/>
           <constraint idx="12274" name="capacity[37,38,1]" type="L" activity="119" lowerBound="-INF" upperBound="238" marginal="NaN"/>
           <constraint idx="12276" name="capacity[37,39,1]" type="L" activity="82" lowerBound="-INF" upperBound="200" marginal="NaN"/>
           <constraint idx="12282" name="capacity[37,42,1]" type="L" activity="85" lowerBound="-INF" upperBound="183" marginal="NaN"/>
           <constraint idx="12305" name="capacity[37,53,2]" type="L" activity="88" lowerBound="-INF" upperBound="105" marginal="NaN"/>
           <constraint idx="12533" name="capacity[38,67,2]" type="L" activity="62" lowerBound="-INF" upperBound="110" marginal="NaN"/>
           <constraint idx="12678" name="capacity[39,40,1]" type="L" activity="82" lowerBound="-INF" upperBound="299" marginal="NaN"/>
           <constraint idx="12805" name="capacity[40,3,2]" type="L" activity="82" lowerBound="-INF" upperBound="105" marginal="NaN"/>
           <constraint idx="12876" name="capacity[40,39,1]" type="L" activity="76" lowerBound="-INF" upperBound="190" marginal="NaN"/>
           <constraint idx="12882" name="capacity[40,42,1]" type="L" activity="73" lowerBound="-INF" upperBound="133" marginal="NaN"/>
           <constraint idx="12907" name="capacity[40,54,2]" type="L" activity="93" lowerBound="-INF" upperBound="136" marginal="NaN"/>
           <constraint idx="13043" name="capacity[41,22,2]" type="L" activity="70" lowerBound="-INF" upperBound="104" marginal="NaN"/>
           <constraint idx="13078" name="capacity[41,40,1]" type="L" activity="149" lowerBound="-INF" upperBound="273" marginal="NaN"/>
           <constraint idx="13280" name="capacity[42,41,1]" type="L" activity="143" lowerBound="-INF" upperBound="232" marginal="NaN"/>
           <constraint idx="13288" name="capacity[42,45,1]" type="L" activity="85" lowerBound="-INF" upperBound="237" marginal="NaN"/>
           <constraint idx="13787" name="capacity[44,94,2]" type="L" activity="97" lowerBound="-INF" upperBound="112" marginal="NaN"/>
           <constraint idx="13880" name="capacity[45,41,1]" type="L" activity="76" lowerBound="-INF" upperBound="224" marginal="NaN"/>
           <constraint idx="13892" name="capacity[45,47,1]" type="L" activity="85" lowerBound="-INF" upperBound="171" marginal="NaN"/>
           <constraint idx="14053" name="capacity[46,27,2]" type="L" activity="73" lowerBound="-INF" upperBound="119" marginal="NaN"/>
           <constraint idx="14127" name="capacity[46,64,2]" type="L" activity="89" lowerBound="-INF" upperBound="140" marginal="NaN"/>
           <constraint idx="14290" name="capacity[47,46,1]" type="L" activity="73" lowerBound="-INF" upperBound="272" marginal="NaN"/>
           <constraint idx="14300" name="capacity[47,51,1]" type="L" activity="85" lowerBound="-INF" upperBound="148" marginal="NaN"/>
           <constraint idx="14409" name="capacity[48,5,2]" type="L" activity="58" lowerBound="-INF" upperBound="109" marginal="NaN"/>
           <constraint idx="14496" name="capacity[48,49,1]" type="L" activity="127" lowerBound="-INF" upperBound="214" marginal="NaN"/>
           <constraint idx="14694" name="capacity[49,48,1]" type="L" activity="58" lowerBound="-INF" upperBound="257" marginal="NaN"/>
           <constraint idx="14700" name="capacity[49,51,1]" type="L" activity="77" lowerBound="-INF" upperBound="130" marginal="NaN"/>
           <constraint idx="14896" name="capacity[50,49,1]" type="L" activity="78" lowerBound="-INF" upperBound="244" marginal="NaN"/>
           <constraint idx="15457" name="capacity[53,29,2]" type="L" activity="63" lowerBound="-INF" upperBound="103" marginal="NaN"/>
           <constraint idx="15502" name="capacity[53,52,1]" type="L" activity="62" lowerBound="-INF" upperBound="120" marginal="NaN"/>
           <constraint idx="15506" name="capacity[53,54,1]" type="L" activity="88" lowerBound="-INF" upperBound="210" marginal="NaN"/>
           <constraint idx="15683" name="capacity[54,42,2]" type="L" activity="70" lowerBound="-INF" upperBound="107" marginal="NaN"/>
           <constraint idx="15718" name="capacity[54,60,1]" type="L" activity="93" lowerBound="-INF" upperBound="290" marginal="NaN"/>
           <constraint idx="15918" name="capacity[55,60,1]" type="L" activity="98" lowerBound="-INF" upperBound="104" marginal="NaN"/>
           <constraint idx="16104" name="capacity[56,53,1]" type="L" activity="62" lowerBound="-INF" upperBound="120" marginal="NaN"/>
           <constraint idx="16314" name="capacity[57,58,1]" type="L" activity="96" lowerBound="-INF" upperBound="196" marginal="NaN"/>
           <constraint idx="16492" name="capacity[58,47,1]" type="L" activity="73" lowerBound="-INF" upperBound="181" marginal="NaN"/>
           <constraint idx="16516" name="capacity[58,59,1]" type="L" activity="64" lowerBound="-INF" upperBound="165" marginal="NaN"/>
           <constraint idx="16518" name="capacity[58,60,1]" type="L" activity="96" lowerBound="-INF" upperBound="137" marginal="NaN"/>
           <constraint idx="16718" name="capacity[59,60,1]" type="L" activity="64" lowerBound="-INF" upperBound="106" marginal="NaN"/>
           <constraint idx="16761" name="capacity[59,81,2]" type="L" activity="84" lowerBound="-INF" upperBound="101" marginal="NaN"/>
           <constraint idx="16969" name="capacity[60,85,2]" type="L" activity="79" lowerBound="-INF" upperBound="106" marginal="NaN"/>
           <constraint idx="16975" name="capacity[60,88,2]" type="L" activity="96" lowerBound="-INF" upperBound="116" marginal="NaN"/>
           <constraint idx="17116" name="capacity[61,59,1]" type="L" activity="84" lowerBound="-INF" upperBound="165" marginal="NaN"/>
           <constraint idx="17118" name="capacity[61,60,1]" type="L" activity="79" lowerBound="-INF" upperBound="242" marginal="NaN"/>
           <constraint idx="17320" name="capacity[62,61,1]" type="L" activity="79" lowerBound="-INF" upperBound="172" marginal="NaN"/>
           <constraint idx="17324" name="capacity[62,63,1]" type="L" activity="61" lowerBound="-INF" upperBound="107" marginal="NaN"/>
           <constraint idx="17528" name="capacity[63,65,1]" type="L" activity="128" lowerBound="-INF" upperBound="257" marginal="NaN"/>
           <constraint idx="17722" name="capacity[64,62,1]" type="L" activity="95" lowerBound="-INF" upperBound="121" marginal="NaN"/>
           <constraint idx="17728" name="capacity[64,65,1]" type="L" activity="89" lowerBound="-INF" upperBound="187" marginal="NaN"/>
           <constraint idx="17930" name="capacity[65,66,1]" type="L" activity="67" lowerBound="-INF" upperBound="260" marginal="NaN"/>
           <constraint idx="17959" name="capacity[65,80,2]" type="L" activity="61" lowerBound="-INF" upperBound="122" marginal="NaN"/>
           <constraint idx="18025" name="capacity[66,13,2]" type="L" activity="67" lowerBound="-INF" upperBound="121" marginal="NaN"/>
           <constraint idx="18530" name="capacity[68,66,1]" type="L" activity="71" lowerBound="-INF" upperBound="272" marginal="NaN"/>
           <constraint idx="18717" name="capacity[69,59,2]" type="L" activity="85" lowerBound="-INF" upperBound="114" marginal="NaN"/>
           <constraint idx="18740" name="capacity[69,71,1]" type="L" activity="53" lowerBound="-INF" upperBound="249" marginal="NaN"/>
           <constraint idx="19073" name="capacity[71,37,2]" type="L" activity="110" lowerBound="-INF" upperBound="132" marginal="NaN"/>
           <constraint idx="19134" name="capacity[71,68,1]" type="L" activity="71" lowerBound="-INF" upperBound="141" marginal="NaN"/>
           <constraint idx="19142" name="capacity[71,72,1]" type="L" activity="64" lowerBound="-INF" upperBound="146" marginal="NaN"/>
           <constraint idx="19336" name="capacity[72,69,1]" type="L" activity="85" lowerBound="-INF" upperBound="292" marginal="NaN"/>
           <constraint idx="19340" name="capacity[72,71,1]" type="L" activity="57" lowerBound="-INF" upperBound="214" marginal="NaN"/>
           <constraint idx="19542" name="capacity[73,72,1]" type="L" activity="142" lowerBound="-INF" upperBound="226" marginal="NaN"/>
           <constraint idx="20085" name="capacity[76,43,2]" type="L" activity="70" lowerBound="-INF" upperBound="119" marginal="NaN"/>
           <constraint idx="20138" name="capacity[76,70,1]" type="L" activity="100" lowerBound="-INF" upperBound="224" marginal="NaN"/>
           <constraint idx="20144" name="capacity[76,73,1]" type="L" activity="57" lowerBound="-INF" upperBound="140" marginal="NaN"/>
           <constraint idx="20154" name="capacity[76,78,1]" type="L" activity="95" lowerBound="-INF" upperBound="189" marginal="NaN"/>
           <constraint idx="20350" name="capacity[77,76,1]" type="L" activity="227" lowerBound="-INF" upperBound="236" marginal="NaN"/>
           <constraint idx="20483" name="capacity[78,42,2]" type="L" activity="61" lowerBound="-INF" upperBound="126" marginal="NaN"/>
           <constraint idx="20527" name="capacity[78,64,2]" type="L" activity="95" lowerBound="-INF" upperBound="108" marginal="NaN"/>
           <constraint idx="20552" name="capacity[78,77,1]" type="L" activity="70" lowerBound="-INF" upperBound="216" marginal="NaN"/>
           <constraint idx="20689" name="capacity[79,45,2]" type="L" activity="76" lowerBound="-INF" upperBound="132" marginal="NaN"/>
           <constraint idx="20711" name="capacity[79,56,2]" type="L" activity="62" lowerBound="-INF" upperBound="103" marginal="NaN"/>
           <constraint idx="20956" name="capacity[80,79,1]" type="L" activity="61" lowerBound="-INF" upperBound="154" marginal="NaN"/>
           <constraint idx="21368" name="capacity[82,85,1]" type="L" activity="50" lowerBound="-INF" upperBound="280" marginal="NaN"/>
           <constraint idx="21429" name="capacity[83,15,2]" type="L" activity="87" lowerBound="-INF" upperBound="150" marginal="NaN"/>
           <constraint idx="21554" name="capacity[83,78,1]" type="L" activity="61" lowerBound="-INF" upperBound="220" marginal="NaN"/>
           <constraint idx="21764" name="capacity[84,83,1]" type="L" activity="157" lowerBound="-INF" upperBound="158" marginal="NaN"/>
           <constraint idx="21895" name="capacity[85,48,2]" type="L" activity="50" lowerBound="-INF" upperBound="137" marginal="NaN"/>
           <constraint idx="21952" name="capacity[85,77,1]" type="L" activity="100" lowerBound="-INF" upperBound="213" marginal="NaN"/>
           <constraint idx="21966" name="capacity[85,84,1]" type="L" activity="157" lowerBound="-INF" upperBound="290" marginal="NaN"/>
           <constraint idx="22164" name="capacity[86,83,1]" type="L" activity="87" lowerBound="-INF" upperBound="219" marginal="NaN"/>
           <constraint idx="22364" name="capacity[87,83,1]" type="L" activity="61" lowerBound="-INF" upperBound="103" marginal="NaN"/>
           <constraint idx="22370" name="capacity[87,86,1]" type="L" activity="181" lowerBound="-INF" upperBound="206" marginal="NaN"/>
           <constraint idx="22376" name="capacity[87,89,1]" type="L" activity="50" lowerBound="-INF" upperBound="130" marginal="NaN"/>
           <constraint idx="22572" name="capacity[88,87,1]" type="L" activity="155" lowerBound="-INF" upperBound="198" marginal="NaN"/>
           <constraint idx="22578" name="capacity[88,90,1]" type="L" activity="96" lowerBound="-INF" upperBound="250" marginal="NaN"/>
           <constraint idx="22950" name="capacity[90,76,1]" type="L" activity="95" lowerBound="-INF" upperBound="200" marginal="NaN"/>
           <constraint idx="22980" name="capacity[90,91,1]" type="L" activity="96" lowerBound="-INF" upperBound="255" marginal="NaN"/>
           <constraint idx="23341" name="capacity[92,71,2]" type="L" activity="71" lowerBound="-INF" upperBound="108" marginal="NaN"/>
           <constraint idx="23354" name="capacity[92,78,1]" type="L" activity="163" lowerBound="-INF" upperBound="250" marginal="NaN"/>
           <constraint idx="23445" name="capacity[93,23,2]" type="L" activity="65" lowerBound="-INF" upperBound="127" marginal="NaN"/>
           <constraint idx="23553" name="capacity[93,77,2]" type="L" activity="57" lowerBound="-INF" upperBound="103" marginal="NaN"/>
           <constraint idx="23578" name="capacity[93,90,1]" type="L" activity="95" lowerBound="-INF" upperBound="253" marginal="NaN"/>
           <constraint idx="23582" name="capacity[93,92,1]" type="L" activity="71" lowerBound="-INF" upperBound="242" marginal="NaN"/>
           <constraint idx="23757" name="capacity[94,79,2]" type="L" activity="76" lowerBound="-INF" upperBound="112" marginal="NaN"/>
           <constraint idx="23784" name="capacity[94,93,1]" type="L" activity="231" lowerBound="-INF" upperBound="240" marginal="NaN"/>
           <constraint idx="23794" name="capacity[94,98,1]" type="L" activity="97" lowerBound="-INF" upperBound="181" marginal="NaN"/>
           <constraint idx="23986" name="capacity[95,94,1]" type="L" activity="147" lowerBound="-INF" upperBound="154" marginal="NaN"/>
           <constraint idx="24174" name="capacity[96,88,1]" type="L" activity="165" lowerBound="-INF" upperBound="254" marginal="NaN"/>
           <constraint idx="24178" name="capacity[96,90,1]" type="L" activity="78" lowerBound="-INF" upperBound="202" marginal="NaN"/>
           <constraint idx="24192" name="capacity[96,97,1]" type="L" activity="67" lowerBound="-INF" upperBound="282" marginal="NaN"/>
           <constraint idx="24257" name="capacity[97,29,2]" type="L" activity="67" lowerBound="-INF" upperBound="128" marginal="NaN"/>
           <constraint idx="24297" name="capacity[97,49,2]" type="L" activity="58" lowerBound="-INF" upperBound="137" marginal="NaN"/>
           <constraint idx="24390" name="capacity[97,96,1]" type="L" activity="94" lowerBound="-INF" upperBound="159" marginal="NaN"/>
           <constraint idx="24590" name="capacity[98,96,1]" type="L" activity="78" lowerBound="-INF" upperBound="233" marginal="NaN"/>
           <constraint idx="25000" name="lunghezza[1]" type="L" activity="2" lowerBound="-INF" upperBound="7" marginal="NaN"/>
           <constraint idx="25001" name="lunghezza[2]" type="L" activity="4" lowerBound="-INF" upperBound="7" marginal="NaN"/>
           <constraint idx="25002" name="lunghezza[3]" type="L" activity="3" lowerBound="-INF" upperBound="7" marginal="NaN"/>
           <constraint idx="25003" name="lunghezza[4]" type="L" activity="2" lowerBound="-INF" upperBound="7" marginal="NaN"/>
           <constraint idx="25004" name="lunghezza[5]" type="L" activity="3" lowerBound="-INF" upperBound="7" marginal="NaN"/>
           <constraint idx="25005" name="lunghezza[6]" type="L" activity="1" lowerBound="-INF" upperBound="7" marginal="NaN"/>
           <constraint idx="25006" name="lunghezza[7]" type="L" activity="5" lowerBound="-INF" upperBound="7" marginal="NaN"/>
           <constraint idx="25007" name="lunghezza[8]" type="L" activity="2" lowerBound="-INF" upperBound="7" marginal="NaN"/>
           <constraint idx="25008" name="lunghezza[9]" type="L" activity="3" lowerBound="-INF" upperBound="7" marginal="NaN"/>
           <constraint idx="25009" name="lunghezza[10]" type="L" activity="1" lowerBound="-INF" upperBound="7" marginal="NaN"/>
           <constraint idx="25010" name="lunghezza[11]" type="L" activity="4" lowerBound="-INF" upperBound="7" marginal="NaN"/>
           <constraint idx="25011" name="lunghezza[12]" type="L" activity="3" lowerBound="-INF" upperBound="7" marginal="NaN"/>
           <constraint idx="25012" name="lunghezza[13]" type="L" activity="1" lowerBound="-INF" upperBound="7" marginal="NaN"/>
           <constraint idx="25013" name="lunghezza[14]" type="L" activity="3" lowerBound="-INF" upperBound="7" marginal="NaN"/>
           <constraint idx="25014" name="lunghezza[15]" type="L" activity="4" lowerBound="-INF" upperBound="7" marginal="NaN"/>
           <constraint idx="25015" name="lunghezza[16]" type="L" activity="4" lowerBound="-INF" upperBound="7" marginal="NaN"/>
           <constraint idx="25016" name="lunghezza[17]" type="L" activity="4" lowerBound="-INF" upperBound="7" marginal="NaN"/>
           <constraint idx="25017" name="lunghezza[18]" type="L" activity="1" lowerBound="-INF" upperBound="7" marginal="NaN"/>
           <constraint idx="25018" name="lunghezza[19]" type="L" activity="6" lowerBound="-INF" upperBound="7" marginal="NaN"/>
           <constraint idx="25019" name="lunghezza[20]" type="L" activity="7" lowerBound="-INF" upperBound="7" marginal="NaN"/>
           <constraint idx="25020" name="lunghezza[21]" type="L" activity="4" lowerBound="-INF" upperBound="7" marginal="NaN"/>
           <constraint idx="25021" name="lunghezza[22]" type="L" activity="2" lowerBound="-INF" upperBound="7" marginal="NaN"/>
           <constraint idx="25022" name="lunghezza[23]" type="L" activity="4" lowerBound="-INF" upperBound="7" marginal="NaN"/>
           <constraint idx="25023" name="lunghezza[24]" type="L" activity="2" lowerBound="-INF" upperBound="7" marginal="NaN"/>
           <constraint idx="25024" name="lunghezza[25]" type="L" activity="2" lowerBound="-INF" upperBound="7" marginal="NaN"/>
           <constraint idx="25025" name="lunghezza[26]" type="L" activity="5" lowerBound="-INF" upperBound="7" marginal="NaN"/>
           <constraint idx="25026" name="lunghezza[27]" type="L" activity="3" lowerBound="-INF" upperBound="7" marginal="NaN"/>
           <constraint idx="25027" name="lunghezza[28]" type="L" activity="2" lowerBound="-INF" upperBound="7" marginal="NaN"/>
           <constraint idx="25028" name="lunghezza[29]" type="L" activity="2" lowerBound="-INF" upperBound="7" marginal="NaN"/>
           <constraint idx="25029" name="lunghezza[30]" type="L" activity="1" lowerBound="-INF" upperBound="7" marginal="NaN"/>
           <constraint idx="25030" name="lunghezza[31]" type="L" activity="7" lowerBound="-INF" upperBound="7" marginal="NaN"/>
           <constraint idx="25031" name="lunghezza[32]" type="L" activity="5" lowerBound="-INF" upperBound="7" marginal="NaN"/>
           <constraint idx="25032" name="lunghezza[33]" type="L" activity="5" lowerBound="-INF" upperBound="7" marginal="NaN"/>
           <constraint idx="25033" name="lunghezza[34]" type="L" activity="6" lowerBound="-INF" upperBound="7" marginal="NaN"/>
           <constraint idx="25034" name="lunghezza[35]" type="L" activity="4" lowerBound="-INF" upperBound="7" marginal="NaN"/>
           <constraint idx="25035" name="lunghezza[36]" type="L" activity="1" lowerBound="-INF" upperBound="7" marginal="NaN"/>
           <constraint idx="25036" name="lunghezza[37]" type="L" activity="5" lowerBound="-INF" upperBound="7" marginal="NaN"/>
           <constraint idx="25037" name="lunghezza[38]" type="L" activity="4" lowerBound="-INF" upperBound="7" marginal="NaN"/>
           <constraint idx="25038" name="lunghezza[39]" type="L" activity="5" lowerBound="-INF" upperBound="7" marginal="NaN"/>
           <constraint idx="25039" name="lunghezza[40]" type="L" activity="2" lowerBound="-INF" upperBound="7" marginal="NaN"/>
           <constraint idx="25040" name="lunghezza[41]" type="L" activity="6" lowerBound="-INF" upperBound="7" marginal="NaN"/>
           <constraint idx="25041" name="lunghezza[42]" type="L" activity="4" lowerBound="-INF" upperBound="7" marginal="NaN"/>
           <constraint idx="25042" name="lunghezza[43]" type="L" activity="3" lowerBound="-INF" upperBound="7" marginal="NaN"/>
           <constraint idx="25043" name="lunghezza[44]" type="L" activity="2" lowerBound="-INF" upperBound="7" marginal="NaN"/>
           <constraint idx="25044" name="lunghezza[45]" type="L" activity="7" lowerBound="-INF" upperBound="7" marginal="NaN"/>
           <constraint idx="25045" name="lunghezza[46]" type="L" activity="2" lowerBound="-INF" upperBound="7" marginal="NaN"/>
           <constraint idx="25046" name="lunghezza[47]" type="L" activity="4" lowerBound="-INF" upperBound="7" marginal="NaN"/>
           <constraint idx="25047" name="lunghezza[48]" type="L" activity="6" lowerBound="-INF" upperBound="7" marginal="NaN"/>
           <constraint idx="25048" name="lunghezza[49]" type="L" activity="4" lowerBound="-INF" upperBound="7" marginal="NaN"/>
           <constraint idx="25049" name="lunghezza[50]" type="L" activity="1" lowerBound="-INF" upperBound="7" marginal="NaN"/>
           <constraint idx="25186" name="unico[1,69,1]" type="L" activity="1" lowerBound="-INF" upperBound="1" marginal="NaN"/>
           <constraint idx="25191" name="unico[1,71,2]" type="L" activity="1" lowerBound="-INF" upperBound="1" marginal="NaN"/>
           <constraint idx="25292" name="unico[2,22,1]" type="L" activity="1" lowerBound="-INF" upperBound="1" marginal="NaN"/>
           <constraint idx="25331" name="unico[2,41,2]" type="L" activity="1" lowerBound="-INF" upperBound="1" marginal="NaN"/>
           <constraint idx="25332" name="unico[2,42,1]" type="L" activity="1" lowerBound="-INF" upperBound="1" marginal="NaN"/>
           <constraint idx="25357" name="unico[2,54,2]" type="L" activity="1" lowerBound="-INF" upperBound="1" marginal="NaN"/>
           <constraint idx="25574" name="unico[3,63,1]" type="L" activity="1" lowerBound="-INF" upperBound="1" marginal="NaN"/>
           <constraint idx="25578" name="unico[3,65,1]" type="L" activity="1" lowerBound="-INF" upperBound="1" marginal="NaN"/>
           <constraint idx="25581" name="unico[3,66,2]" type="L" activity="1" lowerBound="-INF" upperBound="1" marginal="NaN"/>
           <constraint idx="25812" name="unico[4,82,1]" type="L" activity="1" lowerBound="-INF" upperBound="1" marginal="NaN"/>
           <constraint idx="25819" name="unico[4,85,2]" type="L" activity="1" lowerBound="-INF" upperBound="1" marginal="NaN"/>
           <constraint idx="25954" name="unico[5,53,1]" type="L" activity="1" lowerBound="-INF" upperBound="1" marginal="NaN"/>
           <constraint idx="25960" name="unico[5,56,1]" type="L" activity="1" lowerBound="-INF" upperBound="1" marginal="NaN"/>
           <constraint idx="26007" name="unico[5,79,2]" type="L" activity="1" lowerBound="-INF" upperBound="1" marginal="NaN"/>
           <constraint idx="26232" name="unico[6,92,1]" type="L" activity="1" lowerBound="-INF" upperBound="1" marginal="NaN"/>
           <constraint idx="26258" name="unico[7,5,1]" type="L" activity="1" lowerBound="-INF" upperBound="1" marginal="NaN"/>
           <constraint idx="26293" name="unico[7,22,2]" type="L" activity="1" lowerBound="-INF" upperBound="1" marginal="NaN"/>
           <constraint idx="26294" name="unico[7,23,1]" type="L" activity="1" lowerBound="-INF" upperBound="1" marginal="NaN"/>
           <constraint idx="26435" name="unico[7,93,2]" type="L" activity="1" lowerBound="-INF" upperBound="1" marginal="NaN"/>
           <constraint idx="26436" name="unico[7,94,1]" type="L" activity="1" lowerBound="-INF" upperBound="1" marginal="NaN"/>
           <constraint idx="26640" name="unico[8,96,1]" type="L" activity="1" lowerBound="-INF" upperBound="1" marginal="NaN"/>
           <constraint idx="26644" name="unico[8,98,1]" type="L" activity="1" lowerBound="-INF" upperBound="1" marginal="NaN"/>
           <constraint idx="26702" name="unico[9,27,1]" type="L" activity="1" lowerBound="-INF" upperBound="1" marginal="NaN"/>
           <constraint idx="26706" name="unico[9,29,1]" type="L" activity="1" lowerBound="-INF" upperBound="1" marginal="NaN"/>
           <constraint idx="26755" name="unico[9,53,2]" type="L" activity="1" lowerBound="-INF" upperBound="1" marginal="NaN"/>
           <constraint idx="27022" name="unico[10,87,1]" type="L" activity="1" lowerBound="-INF" upperBound="1" marginal="NaN"/>
           <constraint idx="27100" name="unico[11,26,1]" type="L" activity="1" lowerBound="-INF" upperBound="1" marginal="NaN"/>
           <constraint idx="27117" name="unico[11,34,2]" type="L" activity="1" lowerBound="-INF" upperBound="1" marginal="NaN"/>
           <constraint idx="27164" name="unico[11,58,1]" type="L" activity="1" lowerBound="-INF" upperBound="1" marginal="NaN"/>
           <constraint idx="27166" name="unico[11,59,1]" type="L" activity="1" lowerBound="-INF" upperBound="1" marginal="NaN"/>
           <constraint idx="27387" name="unico[12,69,2]" type="L" activity="1" lowerBound="-INF" upperBound="1" marginal="NaN"/>
           <constraint idx="27392" name="unico[12,72,1]" type="L" activity="1" lowerBound="-INF" upperBound="1" marginal="NaN"/>
           <constraint idx="27394" name="unico[12,73,1]" type="L" activity="1" lowerBound="-INF" upperBound="1" marginal="NaN"/>
           <constraint idx="27640" name="unico[13,96,1]" type="L" activity="1" lowerBound="-INF" upperBound="1" marginal="NaN"/>
           <constraint idx="27690" name="unico[14,21,1]" type="L" activity="1" lowerBound="-INF" upperBound="1" marginal="NaN"/>
           <constraint idx="27698" name="unico[14,25,1]" type="L" activity="1" lowerBound="-INF" upperBound="1" marginal="NaN"/>
           <constraint idx="27700" name="unico[14,26,1]" type="L" activity="1" lowerBound="-INF" upperBound="1" marginal="NaN"/>
           <constraint idx="27972" name="unico[15,62,1]" type="L" activity="1" lowerBound="-INF" upperBound="1" marginal="NaN"/>
           <constraint idx="27974" name="unico[15,63,1]" type="L" activity="1" lowerBound="-INF" upperBound="1" marginal="NaN"/>
           <constraint idx="27979" name="unico[15,65,2]" type="L" activity="1" lowerBound="-INF" upperBound="1" marginal="NaN"/>
           <constraint idx="28008" name="unico[15,80,1]" type="L" activity="1" lowerBound="-INF" upperBound="1" marginal="NaN"/>
           <constraint idx="28201" name="unico[16,76,2]" type="L" activity="1" lowerBound="-INF" upperBound="1" marginal="NaN"/>
           <constraint idx="28202" name="unico[16,77,1]" type="L" activity="1" lowerBound="-INF" upperBound="1" marginal="NaN"/>
           <constraint idx="28204" name="unico[16,78,1]" type="L" activity="1" lowerBound="-INF" upperBound="1" marginal="NaN"/>
           <constraint idx="28232" name="unico[16,92,1]" type="L" activity="1" lowerBound="-INF" upperBound="1" marginal="NaN"/>
           <constraint idx="28258" name="unico[17,5,1]" type="L" activity="1" lowerBound="-INF" upperBound="1" marginal="NaN"/>
           <constraint idx="28345" name="unico[17,48,2]" type="L" activity="1" lowerBound="-INF" upperBound="1" marginal="NaN"/>
           <constraint idx="28346" name="unico[17,49,1]" type="L" activity="1" lowerBound="-INF" upperBound="1" marginal="NaN"/>
           <constraint idx="28443" name="unico[17,97,2]" type="L" activity="1" lowerBound="-INF" upperBound="1" marginal="NaN"/>
           <constraint idx="28558" name="unico[18,55,1]" type="L" activity="1" lowerBound="-INF" upperBound="1" marginal="NaN"/>
           <constraint idx="28672" name="unico[19,12,1]" type="L" activity="1" lowerBound="-INF" upperBound="1" marginal="NaN"/>
           <constraint idx="28674" name="unico[19,13,1]" type="L" activity="1" lowerBound="-INF" upperBound="1" marginal="NaN"/>
           <constraint idx="28678" name="unico[19,15,1]" type="L" activity="1" lowerBound="-INF" upperBound="1" marginal="NaN"/>
           <constraint idx="28815" name="unico[19,83,2]" type="L" activity="1" lowerBound="-INF" upperBound="1" marginal="NaN"/>
           <constraint idx="28820" name="unico[19,86,1]" type="L" activity="1" lowerBound="-INF" upperBound="1" marginal="NaN"/>
           <constraint idx="28822" name="unico[19,87,1]" type="L" activity="1" lowerBound="-INF" upperBound="1" marginal="NaN"/>
           <constraint idx="28903" name="unico[20,27,2]" type="L" activity="1" lowerBound="-INF" upperBound="1" marginal="NaN"/>
           <constraint idx="28928" name="unico[20,40,1]" type="L" activity="1" lowerBound="-INF" upperBound="1" marginal="NaN"/>
           <constraint idx="28930" name="unico[20,41,1]" type="L" activity="1" lowerBound="-INF" upperBound="1" marginal="NaN"/>
           <constraint idx="28932" name="unico[20,42,1]" type="L" activity="1" lowerBound="-INF" upperBound="1" marginal="NaN"/>
           <constraint idx="28941" name="unico[20,46,2]" type="L" activity="1" lowerBound="-INF" upperBound="1" marginal="NaN"/>
           <constraint idx="28942" name="unico[20,47,1]" type="L" activity="1" lowerBound="-INF" upperBound="1" marginal="NaN"/>
           <constraint idx="28964" name="unico[20,58,1]" type="L" activity="1" lowerBound="-INF" upperBound="1" marginal="NaN"/>
           <constraint idx="29051" name="unico[21,1,2]" type="L" activity="1" lowerBound="-INF" upperBound="1" marginal="NaN"/>
           <constraint idx="29120" name="unico[21,36,1]" type="L" activity="1" lowerBound="-INF" upperBound="1" marginal="NaN"/>
           <constraint idx="29123" name="unico[21,37,2]" type="L" activity="1" lowerBound="-INF" upperBound="1" marginal="NaN"/>
           <constraint idx="29154" name="unico[21,53,1]" type="L" activity="1" lowerBound="-INF" upperBound="1" marginal="NaN"/>
           <constraint idx="29329" name="unico[22,40,2]" type="L" activity="1" lowerBound="-INF" upperBound="1" marginal="NaN"/>
           <constraint idx="29356" name="unico[22,54,1]" type="L" activity="1" lowerBound="-INF" upperBound="1" marginal="NaN"/>
           <constraint idx="29460" name="unico[23,6,1]" type="L" activity="1" lowerBound="-INF" upperBound="1" marginal="NaN"/>
           <constraint idx="29481" name="unico[23,16,2]" type="L" activity="1" lowerBound="-INF" upperBound="1" marginal="NaN"/>
           <constraint idx="29496" name="unico[23,24,1]" type="L" activity="1" lowerBound="-INF" upperBound="1" marginal="NaN"/>
           <constraint idx="29498" name="unico[23,25,1]" type="L" activity="1" lowerBound="-INF" upperBound="1" marginal="NaN"/>
           <constraint idx="29741" name="unico[24,46,2]" type="L" activity="1" lowerBound="-INF" upperBound="1" marginal="NaN"/>
           <constraint idx="29776" name="unico[24,64,1]" type="L" activity="1" lowerBound="-INF" upperBound="1" marginal="NaN"/>
           <constraint idx="29872" name="unico[25,12,1]" type="L" activity="1" lowerBound="-INF" upperBound="1" marginal="NaN"/>
           <constraint idx="29874" name="unico[25,13,1]" type="L" activity="1" lowerBound="-INF" upperBound="1" marginal="NaN"/>
           <constraint idx="30064" name="unico[26,8,1]" type="L" activity="1" lowerBound="-INF" upperBound="1" marginal="NaN"/>
           <constraint idx="30069" name="unico[26,10,2]" type="L" activity="1" lowerBound="-INF" upperBound="1" marginal="NaN"/>
           <constraint idx="30110" name="unico[26,31,1]" type="L" activity="1" lowerBound="-INF" upperBound="1" marginal="NaN"/>
           <constraint idx="30116" name="unico[26,34,1]" type="L" activity="1" lowerBound="-INF" upperBound="1" marginal="NaN"/>
           <constraint idx="30120" name="unico[26,36,1]" type="L" activity="1" lowerBound="-INF" upperBound="1" marginal="NaN"/>
           <constraint idx="30400" name="unico[27,76,1]" type="L" activity="1" lowerBound="-INF" upperBound="1" marginal="NaN"/>
           <constraint idx="30402" name="unico[27,77,1]" type="L" activity="1" lowerBound="-INF" upperBound="1" marginal="NaN"/>
           <constraint idx="30418" name="unico[27,85,1]" type="L" activity="1" lowerBound="-INF" upperBound="1" marginal="NaN"/>
           <constraint idx="30460" name="unico[28,6,1]" type="L" activity="1" lowerBound="-INF" upperBound="1" marginal="NaN"/>
           <constraint idx="30462" name="unico[28,7,1]" type="L" activity="1" lowerBound="-INF" upperBound="1" marginal="NaN"/>
           <constraint idx="30767" name="unico[29,59,2]" type="L" activity="1" lowerBound="-INF" upperBound="1" marginal="NaN"/>
           <constraint idx="30770" name="unico[29,61,1]" type="L" activity="1" lowerBound="-INF" upperBound="1" marginal="NaN"/>
           <constraint idx="30990" name="unico[30,71,1]" type="L" activity="1" lowerBound="-INF" upperBound="1" marginal="NaN"/>
           <constraint idx="31122" name="unico[31,37,1]" type="L" activity="1" lowerBound="-INF" upperBound="1" marginal="NaN"/>
           <constraint idx="31191" name="unico[31,71,2]" type="L" activity="1" lowerBound="-INF" upperBound="1" marginal="NaN"/>
           <constraint idx="31192" name="unico[31,72,1]" type="L" activity="1" lowerBound="-INF" upperBound="1" marginal="NaN"/>
           <constraint idx="31194" name="unico[31,73,1]" type="L" activity="1" lowerBound="-INF" upperBound="1" marginal="NaN"/>
           <constraint idx="31200" name="unico[31,76,1]" type="L" activity="1" lowerBound="-INF" upperBound="1" marginal="NaN"/>
           <constraint idx="31202" name="unico[31,77,1]" type="L" activity="1" lowerBound="-INF" upperBound="1" marginal="NaN"/>
           <constraint idx="31235" name="unico[31,93,2]" type="L" activity="1" lowerBound="-INF" upperBound="1" marginal="NaN"/>
           <constraint idx="31362" name="unico[32,57,1]" type="L" activity="1" lowerBound="-INF" upperBound="1" marginal="NaN"/>
           <constraint idx="31364" name="unico[32,58,1]" type="L" activity="1" lowerBound="-INF" upperBound="1" marginal="NaN"/>
           <constraint idx="31369" name="unico[32,60,2]" type="L" activity="1" lowerBound="-INF" upperBound="1" marginal="NaN"/>
           <constraint idx="31424" name="unico[32,88,1]" type="L" activity="1" lowerBound="-INF" upperBound="1" marginal="NaN"/>
           <constraint idx="31428" name="unico[32,90,1]" type="L" activity="1" lowerBound="-INF" upperBound="1" marginal="NaN"/>
           <constraint idx="31493" name="unico[33,22,2]" type="L" activity="1" lowerBound="-INF" upperBound="1" marginal="NaN"/>
           <constraint idx="31496" name="unico[33,24,1]" type="L" activity="1" lowerBound="-INF" upperBound="1" marginal="NaN"/>
           <constraint idx="31498" name="unico[33,25,1]" type="L" activity="1" lowerBound="-INF" upperBound="1" marginal="NaN"/>
           <constraint idx="31544" name="unico[33,48,1]" type="L" activity="1" lowerBound="-INF" upperBound="1" marginal="NaN"/>
           <constraint idx="31546" name="unico[33,49,1]" type="L" activity="1" lowerBound="-INF" upperBound="1" marginal="NaN"/>
           <constraint idx="31728" name="unico[34,40,1]" type="L" activity="1" lowerBound="-INF" upperBound="1" marginal="NaN"/>
           <constraint idx="31730" name="unico[34,41,1]" type="L" activity="1" lowerBound="-INF" upperBound="1" marginal="NaN"/>
           <constraint idx="31738" name="unico[34,45,1]" type="L" activity="1" lowerBound="-INF" upperBound="1" marginal="NaN"/>
           <constraint idx="31807" name="unico[34,79,2]" type="L" activity="1" lowerBound="-INF" upperBound="1" marginal="NaN"/>
           <constraint idx="31837" name="unico[34,94,2]" type="L" activity="1" lowerBound="-INF" upperBound="1" marginal="NaN"/>
           <constraint idx="31838" name="unico[34,95,1]" type="L" activity="1" lowerBound="-INF" upperBound="1" marginal="NaN"/>
           <constraint idx="31854" name="unico[35,3,1]" type="L" activity="1" lowerBound="-INF" upperBound="1" marginal="NaN"/>
           <constraint idx="31922" name="unico[35,37,1]" type="L" activity="1" lowerBound="-INF" upperBound="1" marginal="NaN"/>
           <constraint idx="31926" name="unico[35,39,1]" type="L" activity="1" lowerBound="-INF" upperBound="1" marginal="NaN"/>
           <constraint idx="31929" name="unico[35,40,2]" type="L" activity="1" lowerBound="-INF" upperBound="1" marginal="NaN"/>
           <constraint idx="32054" name="unico[36,3,1]" type="L" activity="1" lowerBound="-INF" upperBound="1" marginal="NaN"/>
           <constraint idx="32369" name="unico[37,60,2]" type="L" activity="1" lowerBound="-INF" upperBound="1" marginal="NaN"/>
           <constraint idx="32370" name="unico[37,61,1]" type="L" activity="1" lowerBound="-INF" upperBound="1" marginal="NaN"/>
           <constraint idx="32372" name="unico[37,62,1]" type="L" activity="1" lowerBound="-INF" upperBound="1" marginal="NaN"/>
           <constraint idx="32416" name="unico[37,84,1]" type="L" activity="1" lowerBound="-INF" upperBound="1" marginal="NaN"/>
           <constraint idx="32418" name="unico[37,85,1]" type="L" activity="1" lowerBound="-INF" upperBound="1" marginal="NaN"/>
           <constraint idx="32458" name="unico[38,5,1]" type="L" activity="1" lowerBound="-INF" upperBound="1" marginal="NaN"/>
           <constraint idx="32460" name="unico[38,6,1]" type="L" activity="1" lowerBound="-INF" upperBound="1" marginal="NaN"/>
           <constraint idx="32464" name="unico[38,8,1]" type="L" activity="1" lowerBound="-INF" upperBound="1" marginal="NaN"/>
           <constraint idx="32467" name="unico[38,9,2]" type="L" activity="1" lowerBound="-INF" upperBound="1" marginal="NaN"/>
           <constraint idx="32708" name="unico[39,30,1]" type="L" activity="1" lowerBound="-INF" upperBound="1" marginal="NaN"/>
           <constraint idx="32710" name="unico[39,31,1]" type="L" activity="1" lowerBound="-INF" upperBound="1" marginal="NaN"/>
           <constraint idx="32714" name="unico[39,33,1]" type="L" activity="1" lowerBound="-INF" upperBound="1" marginal="NaN"/>
           <constraint idx="32737" name="unico[39,44,2]" type="L" activity="1" lowerBound="-INF" upperBound="1" marginal="NaN"/>
           <constraint idx="32836" name="unico[39,94,1]" type="L" activity="1" lowerBound="-INF" upperBound="1" marginal="NaN"/>
           <constraint idx="33040" name="unico[40,96,1]" type="L" activity="1" lowerBound="-INF" upperBound="1" marginal="NaN"/>
           <constraint idx="33043" name="unico[40,97,2]" type="L" activity="1" lowerBound="-INF" upperBound="1" marginal="NaN"/>
           <constraint idx="33184" name="unico[41,68,1]" type="L" activity="1" lowerBound="-INF" upperBound="1" marginal="NaN"/>
           <constraint idx="33190" name="unico[41,71,1]" type="L" activity="1" lowerBound="-INF" upperBound="1" marginal="NaN"/>
           <constraint idx="33233" name="unico[41,92,2]" type="L" activity="1" lowerBound="-INF" upperBound="1" marginal="NaN"/>
           <constraint idx="33234" name="unico[41,93,1]" type="L" activity="1" lowerBound="-INF" upperBound="1" marginal="NaN"/>
           <constraint idx="33236" name="unico[41,94,1]" type="L" activity="1" lowerBound="-INF" upperBound="1" marginal="NaN"/>
           <constraint idx="33238" name="unico[41,95,1]" type="L" activity="1" lowerBound="-INF" upperBound="1" marginal="NaN"/>
           <constraint idx="33322" name="unico[42,37,1]" type="L" activity="1" lowerBound="-INF" upperBound="1" marginal="NaN"/>
           <constraint idx="33332" name="unico[42,42,1]" type="L" activity="1" lowerBound="-INF" upperBound="1" marginal="NaN"/>
           <constraint idx="33338" name="unico[42,45,1]" type="L" activity="1" lowerBound="-INF" upperBound="1" marginal="NaN"/>
           <constraint idx="33342" name="unico[42,47,1]" type="L" activity="1" lowerBound="-INF" upperBound="1" marginal="NaN"/>
           <constraint idx="33490" name="unico[43,21,1]" type="L" activity="1" lowerBound="-INF" upperBound="1" marginal="NaN"/>
           <constraint idx="33493" name="unico[43,22,2]" type="L" activity="1" lowerBound="-INF" upperBound="1" marginal="NaN"/>
           <constraint idx="33544" name="unico[43,48,1]" type="L" activity="1" lowerBound="-INF" upperBound="1" marginal="NaN"/>
           <constraint idx="33658" name="unico[44,5,1]" type="L" activity="1" lowerBound="-INF" upperBound="1" marginal="NaN"/>
           <constraint idx="33662" name="unico[44,7,1]" type="L" activity="1" lowerBound="-INF" upperBound="1" marginal="NaN"/>
           <constraint idx="33870" name="unico[45,11,1]" type="L" activity="1" lowerBound="-INF" upperBound="1" marginal="NaN"/>
           <constraint idx="33875" name="unico[45,13,2]" type="L" activity="1" lowerBound="-INF" upperBound="1" marginal="NaN"/>
           <constraint idx="33904" name="unico[45,28,1]" type="L" activity="1" lowerBound="-INF" upperBound="1" marginal="NaN"/>
           <constraint idx="33906" name="unico[45,29,1]" type="L" activity="1" lowerBound="-INF" upperBound="1" marginal="NaN"/>
           <constraint idx="33911" name="unico[45,31,2]" type="L" activity="1" lowerBound="-INF" upperBound="1" marginal="NaN"/>
           <constraint idx="33922" name="unico[45,37,1]" type="L" activity="1" lowerBound="-INF" upperBound="1" marginal="NaN"/>
           <constraint idx="33925" name="unico[45,38,2]" type="L" activity="1" lowerBound="-INF" upperBound="1" marginal="NaN"/>
           <constraint idx="34216" name="unico[46,84,1]" type="L" activity="1" lowerBound="-INF" upperBound="1" marginal="NaN"/>
           <constraint idx="34218" name="unico[46,85,1]" type="L" activity="1" lowerBound="-INF" upperBound="1" marginal="NaN"/>
           <constraint idx="34422" name="unico[47,87,1]" type="L" activity="1" lowerBound="-INF" upperBound="1" marginal="NaN"/>
           <constraint idx="34424" name="unico[47,88,1]" type="L" activity="1" lowerBound="-INF" upperBound="1" marginal="NaN"/>
           <constraint idx="34440" name="unico[47,96,1]" type="L" activity="1" lowerBound="-INF" upperBound="1" marginal="NaN"/>
           <constraint idx="34442" name="unico[47,97,1]" type="L" activity="1" lowerBound="-INF" upperBound="1" marginal="NaN"/>
           <constraint idx="34576" name="unico[48,64,1]" type="L" activity="1" lowerBound="-INF" upperBound="1" marginal="NaN"/>
           <constraint idx="34600" name="unico[48,76,1]" type="L" activity="1" lowerBound="-INF" upperBound="1" marginal="NaN"/>
           <constraint idx="34605" name="unico[48,78,2]" type="L" activity="1" lowerBound="-INF" upperBound="1" marginal="NaN"/>
           <constraint idx="34628" name="unico[48,90,1]" type="L" activity="1" lowerBound="-INF" upperBound="1" marginal="NaN"/>
           <constraint idx="34634" name="unico[48,93,1]" type="L" activity="1" lowerBound="-INF" upperBound="1" marginal="NaN"/>
           <constraint idx="34636" name="unico[48,94,1]" type="L" activity="1" lowerBound="-INF" upperBound="1" marginal="NaN"/>
           <constraint idx="34805" name="unico[49,78,2]" type="L" activity="1" lowerBound="-INF" upperBound="1" marginal="NaN"/>
           <constraint idx="34814" name="unico[49,83,1]" type="L" activity="1" lowerBound="-INF" upperBound="1" marginal="NaN"/>
           <constraint idx="34822" name="unico[49,87,1]" type="L" activity="1" lowerBound="-INF" upperBound="1" marginal="NaN"/>
           <constraint idx="34824" name="unico[49,88,1]" type="L" activity="1" lowerBound="-INF" upperBound="1" marginal="NaN"/>
           <constraint idx="34948" name="unico[50,50,1]" type="L" activity="1" lowerBound="-INF" upperBound="1" marginal="NaN"/>
       </linearConstraints>
   </solution>
</CmplSolutions>
