<?xml version = "1.1" encoding="UTF-8" standalone="yes"?>
<CmplSolutions version="1.0">
   <general>
       <instanceName>inst_100_50_100_50_75_25_45$_09_2.cmpl</instanceName>
       <nrOfVariables>1000000</nrOfVariables>
       <nrOfConstraints>35050</nrOfConstraints>
       <objectiveName>cost</objectiveName>
       <objectiveSense>min</objectiveSense>
       <nrOfSolutions>1</nrOfSolutions>
       <solverName>GLPK</solverName>
       <variablesDisplayOptions>nonZeroVariables (all)</variablesDisplayOptions>
       <constraintsDisplayOptions>nonZeroConstraints (all)</constraintsDisplayOptions>
   </general>
   <solution idx="0" status="integer feasible (non-optimal)" value="50004">
       <variables>
           <variable idx="13105" name="y[1,66,53,2]" type="I" activity="1" lowerBound="0" upperBound="1" marginal="NaN"/>
           <variable idx="13530" name="y[1,68,66,1]" type="I" activity="1" lowerBound="0" upperBound="1" marginal="NaN"/>
           <variable idx="34991" name="y[2,75,96,2]" type="I" activity="1" lowerBound="0" upperBound="1" marginal="NaN"/>
           <variable idx="39198" name="y[2,96,100,1]" type="I" activity="1" lowerBound="0" upperBound="1" marginal="NaN"/>
           <variable idx="58841" name="y[3,95,21,2]" type="I" activity="1" lowerBound="0" upperBound="1" marginal="NaN"/>
           <variable idx="75697" name="y[4,79,49,2]" type="I" activity="1" lowerBound="0" upperBound="1" marginal="NaN"/>
           <variable idx="76756" name="y[4,84,79,1]" type="I" activity="1" lowerBound="0" upperBound="1" marginal="NaN"/>
           <variable idx="89419" name="y[5,48,10,2]" type="I" activity="1" lowerBound="0" upperBound="1" marginal="NaN"/>
           <variable idx="108690" name="y[6,44,46,1]" type="I" activity="1" lowerBound="0" upperBound="1" marginal="NaN"/>
           <variable idx="112887" name="y[6,65,44,2]" type="I" activity="1" lowerBound="0" upperBound="1" marginal="NaN"/>
           <variable idx="133163" name="y[7,66,82,2]" type="I" activity="1" lowerBound="0" upperBound="1" marginal="NaN"/>
           <variable idx="136370" name="y[7,82,86,1]" type="I" activity="1" lowerBound="0" upperBound="1" marginal="NaN"/>
           <variable idx="146621" name="y[8,34,11,2]" type="I" activity="1" lowerBound="0" upperBound="1" marginal="NaN"/>
           <variable idx="175339" name="y[9,77,70,2]" type="I" activity="1" lowerBound="0" upperBound="1" marginal="NaN"/>
           <variable idx="176752" name="y[9,84,77,1]" type="I" activity="1" lowerBound="0" upperBound="1" marginal="NaN"/>
           <variable idx="181816" name="y[10,10,9,1]" type="I" activity="1" lowerBound="0" upperBound="1" marginal="NaN"/>
           <variable idx="197019" name="y[10,86,10,2]" type="I" activity="1" lowerBound="0" upperBound="1" marginal="NaN"/>
           <variable idx="204767" name="y[11,24,84,2]" type="I" activity="1" lowerBound="0" upperBound="1" marginal="NaN"/>
           <variable idx="205046" name="y[11,26,24,1]" type="I" activity="1" lowerBound="0" upperBound="1" marginal="NaN"/>
           <variable idx="235154" name="y[12,76,78,1]" type="I" activity="1" lowerBound="0" upperBound="1" marginal="NaN"/>
           <variable idx="235501" name="y[12,78,51,2]" type="I" activity="1" lowerBound="0" upperBound="1" marginal="NaN"/>
           <variable idx="251510" name="y[13,58,56,1]" type="I" activity="1" lowerBound="0" upperBound="1" marginal="NaN"/>
           <variable idx="256315" name="y[13,82,58,2]" type="I" activity="1" lowerBound="0" upperBound="1" marginal="NaN"/>
           <variable idx="260200" name="y[14,2,1,1]" type="I" activity="1" lowerBound="0" upperBound="1" marginal="NaN"/>
           <variable idx="264803" name="y[14,25,2,2]" type="I" activity="1" lowerBound="0" upperBound="1" marginal="NaN"/>
           <variable idx="292649" name="y[15,64,25,2]" type="I" activity="1" lowerBound="0" upperBound="1" marginal="NaN"/>
           <variable idx="292926" name="y[15,65,64,1]" type="I" activity="1" lowerBound="0" upperBound="1" marginal="NaN"/>
           <variable idx="315354" name="y[16,77,78,1]" type="I" activity="1" lowerBound="0" upperBound="1" marginal="NaN"/>
           <variable idx="325215" name="y[17,27,8,2]" type="I" activity="1" lowerBound="0" upperBound="1" marginal="NaN"/>
           <variable idx="326052" name="y[17,31,27,1]" type="I" activity="1" lowerBound="0" upperBound="1" marginal="NaN"/>
           <variable idx="354142" name="y[18,71,72,1]" type="I" activity="1" lowerBound="0" upperBound="1" marginal="NaN"/>
           <variable idx="354344" name="y[18,72,73,1]" type="I" activity="1" lowerBound="0" upperBound="1" marginal="NaN"/>
           <variable idx="363234" name="y[19,17,18,1]" type="I" activity="1" lowerBound="0" upperBound="1" marginal="NaN"/>
           <variable idx="371233" name="y[19,57,17,2]" type="I" activity="1" lowerBound="0" upperBound="1" marginal="NaN"/>
           <variable idx="391447" name="y[20,58,24,2]" type="I" activity="1" lowerBound="0" upperBound="1" marginal="NaN"/>
           <variable idx="410500" name="y[21,53,51,1]" type="I" activity="1" lowerBound="0" upperBound="1" marginal="NaN"/>
           <variable idx="414105" name="y[21,71,53,2]" type="I" activity="1" lowerBound="0" upperBound="1" marginal="NaN"/>
           <variable idx="430633" name="y[22,54,17,2]" type="I" activity="1" lowerBound="0" upperBound="1" marginal="NaN"/>
           <variable idx="439707" name="y[22,99,54,2]" type="I" activity="1" lowerBound="0" upperBound="1" marginal="NaN"/>
           <variable idx="453721" name="y[23,69,61,2]" type="I" activity="1" lowerBound="0" upperBound="1" marginal="NaN"/>
           <variable idx="455537" name="y[23,78,69,2]" type="I" activity="1" lowerBound="0" upperBound="1" marginal="NaN"/>
           <variable idx="467721" name="y[24,39,61,2]" type="I" activity="1" lowerBound="0" upperBound="1" marginal="NaN"/>
           <variable idx="467876" name="y[24,40,39,1]" type="I" activity="1" lowerBound="0" upperBound="1" marginal="NaN"/>
           <variable idx="488288" name="y[25,42,45,1]" type="I" activity="1" lowerBound="0" upperBound="1" marginal="NaN"/>
           <variable idx="488929" name="y[25,45,65,2]" type="I" activity="1" lowerBound="0" upperBound="1" marginal="NaN"/>
           <variable idx="501008" name="y[26,6,5,1]" type="I" activity="1" lowerBound="0" upperBound="1" marginal="NaN"/>
           <variable idx="509211" name="y[26,47,6,2]" type="I" activity="1" lowerBound="0" upperBound="1" marginal="NaN"/>
           <variable idx="529387" name="y[27,47,94,2]" type="I" activity="1" lowerBound="0" upperBound="1" marginal="NaN"/>
           <variable idx="556301" name="y[28,82,51,2]" type="I" activity="1" lowerBound="0" upperBound="1" marginal="NaN"/>
           <variable idx="568161" name="y[29,41,81,2]" type="I" activity="1" lowerBound="0" upperBound="1" marginal="NaN"/>
           <variable idx="576166" name="y[29,81,84,1]" type="I" activity="1" lowerBound="0" upperBound="1" marginal="NaN"/>
           <variable idx="588863" name="y[30,45,32,2]" type="I" activity="1" lowerBound="0" upperBound="1" marginal="NaN"/>
           <variable idx="595689" name="y[30,79,45,2]" type="I" activity="1" lowerBound="0" upperBound="1" marginal="NaN"/>
           <variable idx="608084" name="y[31,41,43,1]" type="I" activity="1" lowerBound="0" upperBound="1" marginal="NaN"/>
           <variable idx="608405" name="y[31,43,3,2]" type="I" activity="1" lowerBound="0" upperBound="1" marginal="NaN"/>
           <variable idx="634043" name="y[32,71,22,2]" type="I" activity="1" lowerBound="0" upperBound="1" marginal="NaN"/>
           <variable idx="634740" name="y[32,74,71,1]" type="I" activity="1" lowerBound="0" upperBound="1" marginal="NaN"/>
           <variable idx="645627" name="y[33,29,14,2]" type="I" activity="1" lowerBound="0" upperBound="1" marginal="NaN"/>
           <variable idx="646056" name="y[33,31,29,1]" type="I" activity="1" lowerBound="0" upperBound="1" marginal="NaN"/>
           <variable idx="664240" name="y[34,22,21,1]" type="I" activity="1" lowerBound="0" upperBound="1" marginal="NaN"/>
           <variable idx="672843" name="y[34,65,22,2]" type="I" activity="1" lowerBound="0" upperBound="1" marginal="NaN"/>
           <variable idx="689863" name="y[35,50,32,2]" type="I" activity="1" lowerBound="0" upperBound="1" marginal="NaN"/>
           <variable idx="700400" name="y[36,3,1,1]" type="I" activity="1" lowerBound="0" upperBound="1" marginal="NaN"/>
           <variable idx="705005" name="y[36,26,3,2]" type="I" activity="1" lowerBound="0" upperBound="1" marginal="NaN"/>
           <variable idx="720289" name="y[37,2,45,2]" type="I" activity="1" lowerBound="0" upperBound="1" marginal="NaN"/>
           <variable idx="728959" name="y[37,45,80,2]" type="I" activity="1" lowerBound="0" upperBound="1" marginal="NaN"/>
           <variable idx="755962" name="y[38,80,82,1]" type="I" activity="1" lowerBound="0" upperBound="1" marginal="NaN"/>
           <variable idx="756396" name="y[38,82,99,1]" type="I" activity="1" lowerBound="0" upperBound="1" marginal="NaN"/>
           <variable idx="767468" name="y[39,38,35,1]" type="I" activity="1" lowerBound="0" upperBound="1" marginal="NaN"/>
           <variable idx="771475" name="y[39,58,38,2]" type="I" activity="1" lowerBound="0" upperBound="1" marginal="NaN"/>
           <variable idx="788139" name="y[40,41,70,2]" type="I" activity="1" lowerBound="0" upperBound="1" marginal="NaN"/>
           <variable idx="793957" name="y[40,70,79,2]" type="I" activity="1" lowerBound="0" upperBound="1" marginal="NaN"/>
           <variable idx="814593" name="y[41,73,97,2]" type="I" activity="1" lowerBound="0" upperBound="1" marginal="NaN"/>
           <variable idx="834347" name="y[42,72,74,2]" type="I" activity="1" lowerBound="0" upperBound="1" marginal="NaN"/>
           <variable idx="834768" name="y[42,74,85,1]" type="I" activity="1" lowerBound="0" upperBound="1" marginal="NaN"/>
           <variable idx="844703" name="y[43,24,52,2]" type="I" activity="1" lowerBound="0" upperBound="1" marginal="NaN"/>
           <variable idx="850316" name="y[43,52,59,1]" type="I" activity="1" lowerBound="0" upperBound="1" marginal="NaN"/>
           <variable idx="869294" name="y[44,47,48,1]" type="I" activity="1" lowerBound="0" upperBound="1" marginal="NaN"/>
           <variable idx="888539" name="y[45,43,70,2]" type="I" activity="1" lowerBound="0" upperBound="1" marginal="NaN"/>
           <variable idx="893936" name="y[45,70,69,1]" type="I" activity="1" lowerBound="0" upperBound="1" marginal="NaN"/>
           <variable idx="914532" name="y[46,73,67,1]" type="I" activity="1" lowerBound="0" upperBound="1" marginal="NaN"/>
           <variable idx="923671" name="y[47,19,36,2]" type="I" activity="1" lowerBound="0" upperBound="1" marginal="NaN"/>
           <variable idx="927072" name="y[47,36,37,1]" type="I" activity="1" lowerBound="0" upperBound="1" marginal="NaN"/>
           <variable idx="957946" name="y[48,90,74,1]" type="I" activity="1" lowerBound="0" upperBound="1" marginal="NaN"/>
           <variable idx="969906" name="y[49,50,54,1]" type="I" activity="1" lowerBound="0" upperBound="1" marginal="NaN"/>
           <variable idx="970791" name="y[49,54,96,2]" type="I" activity="1" lowerBound="0" upperBound="1" marginal="NaN"/>
           <variable idx="986456" name="y[50,33,29,1]" type="I" activity="1" lowerBound="0" upperBound="1" marginal="NaN"/>
           <variable idx="995865" name="y[50,80,33,2]" type="I" activity="1" lowerBound="0" upperBound="1" marginal="NaN"/>
       </variables>
       <linearConstraints> 
           <constraint idx="13" name="bilancio[1,14]" type="E" activity="1" lowerBound="1" upperBound="1" marginal="NaN"/>
           <constraint idx="35" name="bilancio[1,36]" type="E" activity="1" lowerBound="1" upperBound="1" marginal="NaN"/>
           <constraint idx="86" name="bilancio[2,37]" type="E" activity="-1" lowerBound="-1" upperBound="-1" marginal="NaN"/>
           <constraint idx="130" name="bilancio[3,31]" type="E" activity="1" lowerBound="1" upperBound="1" marginal="NaN"/>
           <constraint idx="225" name="bilancio[5,26]" type="E" activity="1" lowerBound="1" upperBound="1" marginal="NaN"/>
           <constraint idx="366" name="bilancio[8,17]" type="E" activity="1" lowerBound="1" upperBound="1" marginal="NaN"/>
           <constraint idx="409" name="bilancio[9,10]" type="E" activity="1" lowerBound="1" upperBound="1" marginal="NaN"/>
           <constraint idx="454" name="bilancio[10,5]" type="E" activity="1" lowerBound="1" upperBound="1" marginal="NaN"/>
           <constraint idx="507" name="bilancio[11,8]" type="E" activity="1" lowerBound="1" upperBound="1" marginal="NaN"/>
           <constraint idx="682" name="bilancio[14,33]" type="E" activity="1" lowerBound="1" upperBound="1" marginal="NaN"/>
           <constraint idx="821" name="bilancio[17,22]" type="E" activity="1" lowerBound="1" upperBound="1" marginal="NaN"/>
           <constraint idx="868" name="bilancio[18,19]" type="E" activity="1" lowerBound="1" upperBound="1" marginal="NaN"/>
           <constraint idx="946" name="bilancio[19,47]" type="E" activity="-1" lowerBound="-1" upperBound="-1" marginal="NaN"/>
           <constraint idx="1002" name="bilancio[21,3]" type="E" activity="1" lowerBound="1" upperBound="1" marginal="NaN"/>
           <constraint idx="1033" name="bilancio[21,34]" type="E" activity="1" lowerBound="1" upperBound="1" marginal="NaN"/>
           <constraint idx="1081" name="bilancio[22,32]" type="E" activity="1" lowerBound="1" upperBound="1" marginal="NaN"/>
           <constraint idx="1169" name="bilancio[24,20]" type="E" activity="1" lowerBound="1" upperBound="1" marginal="NaN"/>
           <constraint idx="1192" name="bilancio[24,43]" type="E" activity="-1" lowerBound="-1" upperBound="-1" marginal="NaN"/>
           <constraint idx="1213" name="bilancio[25,14]" type="E" activity="-1" lowerBound="-1" upperBound="-1" marginal="NaN"/>
           <constraint idx="1214" name="bilancio[25,15]" type="E" activity="1" lowerBound="1" upperBound="1" marginal="NaN"/>
           <constraint idx="1260" name="bilancio[26,11]" type="E" activity="-1" lowerBound="-1" upperBound="-1" marginal="NaN"/>
           <constraint idx="1285" name="bilancio[26,36]" type="E" activity="-1" lowerBound="-1" upperBound="-1" marginal="NaN"/>
           <constraint idx="1449" name="bilancio[29,50]" type="E" activity="1" lowerBound="1" upperBound="1" marginal="NaN"/>
           <constraint idx="1516" name="bilancio[31,17]" type="E" activity="-1" lowerBound="-1" upperBound="-1" marginal="NaN"/>
           <constraint idx="1532" name="bilancio[31,33]" type="E" activity="-1" lowerBound="-1" upperBound="-1" marginal="NaN"/>
           <constraint idx="1579" name="bilancio[32,30]" type="E" activity="1" lowerBound="1" upperBound="1" marginal="NaN"/>
           <constraint idx="1584" name="bilancio[32,35]" type="E" activity="1" lowerBound="1" upperBound="1" marginal="NaN"/>
           <constraint idx="1657" name="bilancio[34,8]" type="E" activity="-1" lowerBound="-1" upperBound="-1" marginal="NaN"/>
           <constraint idx="1738" name="bilancio[35,39]" type="E" activity="1" lowerBound="1" upperBound="1" marginal="NaN"/>
           <constraint idx="1846" name="bilancio[37,47]" type="E" activity="1" lowerBound="1" upperBound="1" marginal="NaN"/>
           <constraint idx="1973" name="bilancio[40,24]" type="E" activity="-1" lowerBound="-1" upperBound="-1" marginal="NaN"/>
           <constraint idx="2028" name="bilancio[41,29]" type="E" activity="-1" lowerBound="-1" upperBound="-1" marginal="NaN"/>
           <constraint idx="2030" name="bilancio[41,31]" type="E" activity="-1" lowerBound="-1" upperBound="-1" marginal="NaN"/>
           <constraint idx="2039" name="bilancio[41,40]" type="E" activity="-1" lowerBound="-1" upperBound="-1" marginal="NaN"/>
           <constraint idx="2074" name="bilancio[42,25]" type="E" activity="-1" lowerBound="-1" upperBound="-1" marginal="NaN"/>
           <constraint idx="2144" name="bilancio[43,45]" type="E" activity="-1" lowerBound="-1" upperBound="-1" marginal="NaN"/>
           <constraint idx="2255" name="bilancio[46,6]" type="E" activity="1" lowerBound="1" upperBound="1" marginal="NaN"/>
           <constraint idx="2325" name="bilancio[47,26]" type="E" activity="-1" lowerBound="-1" upperBound="-1" marginal="NaN"/>
           <constraint idx="2326" name="bilancio[47,27]" type="E" activity="-1" lowerBound="-1" upperBound="-1" marginal="NaN"/>
           <constraint idx="2343" name="bilancio[47,44]" type="E" activity="-1" lowerBound="-1" upperBound="-1" marginal="NaN"/>
           <constraint idx="2354" name="bilancio[48,5]" type="E" activity="-1" lowerBound="-1" upperBound="-1" marginal="NaN"/>
           <constraint idx="2393" name="bilancio[48,44]" type="E" activity="1" lowerBound="1" upperBound="1" marginal="NaN"/>
           <constraint idx="2403" name="bilancio[49,4]" type="E" activity="1" lowerBound="1" upperBound="1" marginal="NaN"/>
           <constraint idx="2484" name="bilancio[50,35]" type="E" activity="-1" lowerBound="-1" upperBound="-1" marginal="NaN"/>
           <constraint idx="2498" name="bilancio[50,49]" type="E" activity="-1" lowerBound="-1" upperBound="-1" marginal="NaN"/>
           <constraint idx="2511" name="bilancio[51,12]" type="E" activity="1" lowerBound="1" upperBound="1" marginal="NaN"/>
           <constraint idx="2520" name="bilancio[51,21]" type="E" activity="1" lowerBound="1" upperBound="1" marginal="NaN"/>
           <constraint idx="2527" name="bilancio[51,28]" type="E" activity="1" lowerBound="1" upperBound="1" marginal="NaN"/>
           <constraint idx="2600" name="bilancio[53,1]" type="E" activity="1" lowerBound="1" upperBound="1" marginal="NaN"/>
           <constraint idx="2762" name="bilancio[56,13]" type="E" activity="1" lowerBound="1" upperBound="1" marginal="NaN"/>
           <constraint idx="2818" name="bilancio[57,19]" type="E" activity="-1" lowerBound="-1" upperBound="-1" marginal="NaN"/>
           <constraint idx="2869" name="bilancio[58,20]" type="E" activity="-1" lowerBound="-1" upperBound="-1" marginal="NaN"/>
           <constraint idx="2888" name="bilancio[58,39]" type="E" activity="-1" lowerBound="-1" upperBound="-1" marginal="NaN"/>
           <constraint idx="2942" name="bilancio[59,43]" type="E" activity="1" lowerBound="1" upperBound="1" marginal="NaN"/>
           <constraint idx="3022" name="bilancio[61,23]" type="E" activity="1" lowerBound="1" upperBound="1" marginal="NaN"/>
           <constraint idx="3023" name="bilancio[61,24]" type="E" activity="1" lowerBound="1" upperBound="1" marginal="NaN"/>
           <constraint idx="3205" name="bilancio[65,6]" type="E" activity="-1" lowerBound="-1" upperBound="-1" marginal="NaN"/>
           <constraint idx="3214" name="bilancio[65,15]" type="E" activity="-1" lowerBound="-1" upperBound="-1" marginal="NaN"/>
           <constraint idx="3224" name="bilancio[65,25]" type="E" activity="1" lowerBound="1" upperBound="1" marginal="NaN"/>
           <constraint idx="3233" name="bilancio[65,34]" type="E" activity="-1" lowerBound="-1" upperBound="-1" marginal="NaN"/>
           <constraint idx="3256" name="bilancio[66,7]" type="E" activity="-1" lowerBound="-1" upperBound="-1" marginal="NaN"/>
           <constraint idx="3345" name="bilancio[67,46]" type="E" activity="1" lowerBound="1" upperBound="1" marginal="NaN"/>
           <constraint idx="3350" name="bilancio[68,1]" type="E" activity="-1" lowerBound="-1" upperBound="-1" marginal="NaN"/>
           <constraint idx="3444" name="bilancio[69,45]" type="E" activity="1" lowerBound="1" upperBound="1" marginal="NaN"/>
           <constraint idx="3458" name="bilancio[70,9]" type="E" activity="1" lowerBound="1" upperBound="1" marginal="NaN"/>
           <constraint idx="3517" name="bilancio[71,18]" type="E" activity="-1" lowerBound="-1" upperBound="-1" marginal="NaN"/>
           <constraint idx="3520" name="bilancio[71,21]" type="E" activity="-1" lowerBound="-1" upperBound="-1" marginal="NaN"/>
           <constraint idx="3591" name="bilancio[72,42]" type="E" activity="-1" lowerBound="-1" upperBound="-1" marginal="NaN"/>
           <constraint idx="3617" name="bilancio[73,18]" type="E" activity="1" lowerBound="1" upperBound="1" marginal="NaN"/>
           <constraint idx="3640" name="bilancio[73,41]" type="E" activity="-1" lowerBound="-1" upperBound="-1" marginal="NaN"/>
           <constraint idx="3645" name="bilancio[73,46]" type="E" activity="-1" lowerBound="-1" upperBound="-1" marginal="NaN"/>
           <constraint idx="3681" name="bilancio[74,32]" type="E" activity="-1" lowerBound="-1" upperBound="-1" marginal="NaN"/>
           <constraint idx="3697" name="bilancio[74,48]" type="E" activity="1" lowerBound="1" upperBound="1" marginal="NaN"/>
           <constraint idx="3701" name="bilancio[75,2]" type="E" activity="-1" lowerBound="-1" upperBound="-1" marginal="NaN"/>
           <constraint idx="3761" name="bilancio[76,12]" type="E" activity="-1" lowerBound="-1" upperBound="-1" marginal="NaN"/>
           <constraint idx="3815" name="bilancio[77,16]" type="E" activity="-1" lowerBound="-1" upperBound="-1" marginal="NaN"/>
           <constraint idx="3865" name="bilancio[78,16]" type="E" activity="1" lowerBound="1" upperBound="1" marginal="NaN"/>
           <constraint idx="3872" name="bilancio[78,23]" type="E" activity="-1" lowerBound="-1" upperBound="-1" marginal="NaN"/>
           <constraint idx="3929" name="bilancio[79,30]" type="E" activity="-1" lowerBound="-1" upperBound="-1" marginal="NaN"/>
           <constraint idx="3939" name="bilancio[79,40]" type="E" activity="1" lowerBound="1" upperBound="1" marginal="NaN"/>
           <constraint idx="3986" name="bilancio[80,37]" type="E" activity="1" lowerBound="1" upperBound="1" marginal="NaN"/>
           <constraint idx="3987" name="bilancio[80,38]" type="E" activity="-1" lowerBound="-1" upperBound="-1" marginal="NaN"/>
           <constraint idx="3999" name="bilancio[80,50]" type="E" activity="-1" lowerBound="-1" upperBound="-1" marginal="NaN"/>
           <constraint idx="4062" name="bilancio[82,13]" type="E" activity="-1" lowerBound="-1" upperBound="-1" marginal="NaN"/>
           <constraint idx="4077" name="bilancio[82,28]" type="E" activity="-1" lowerBound="-1" upperBound="-1" marginal="NaN"/>
           <constraint idx="4153" name="bilancio[84,4]" type="E" activity="-1" lowerBound="-1" upperBound="-1" marginal="NaN"/>
           <constraint idx="4158" name="bilancio[84,9]" type="E" activity="-1" lowerBound="-1" upperBound="-1" marginal="NaN"/>
           <constraint idx="4160" name="bilancio[84,11]" type="E" activity="1" lowerBound="1" upperBound="1" marginal="NaN"/>
           <constraint idx="4178" name="bilancio[84,29]" type="E" activity="1" lowerBound="1" upperBound="1" marginal="NaN"/>
           <constraint idx="4241" name="bilancio[85,42]" type="E" activity="1" lowerBound="1" upperBound="1" marginal="NaN"/>
           <constraint idx="4256" name="bilancio[86,7]" type="E" activity="1" lowerBound="1" upperBound="1" marginal="NaN"/>
           <constraint idx="4259" name="bilancio[86,10]" type="E" activity="-1" lowerBound="-1" upperBound="-1" marginal="NaN"/>
           <constraint idx="4497" name="bilancio[90,48]" type="E" activity="-1" lowerBound="-1" upperBound="-1" marginal="NaN"/>
           <constraint idx="4676" name="bilancio[94,27]" type="E" activity="1" lowerBound="1" upperBound="1" marginal="NaN"/>
           <constraint idx="4702" name="bilancio[95,3]" type="E" activity="-1" lowerBound="-1" upperBound="-1" marginal="NaN"/>
           <constraint idx="4798" name="bilancio[96,49]" type="E" activity="1" lowerBound="1" upperBound="1" marginal="NaN"/>
           <constraint idx="4840" name="bilancio[97,41]" type="E" activity="1" lowerBound="1" upperBound="1" marginal="NaN"/>
           <constraint idx="4921" name="bilancio[99,22]" type="E" activity="-1" lowerBound="-1" upperBound="-1" marginal="NaN"/>
           <constraint idx="4937" name="bilancio[99,38]" type="E" activity="1" lowerBound="1" upperBound="1" marginal="NaN"/>
           <constraint idx="4951" name="bilancio[100,2]" type="E" activity="1" lowerBound="1" upperBound="1" marginal="NaN"/>
           <constraint idx="5200" name="capacity[2,1,1]" type="L" activity="87" lowerBound="-INF" upperBound="274" marginal="NaN"/>
           <constraint idx="5289" name="capacity[2,45,2]" type="L" activity="76" lowerBound="-INF" upperBound="144" marginal="NaN"/>
           <constraint idx="5400" name="capacity[3,1,1]" type="L" activity="99" lowerBound="-INF" upperBound="182" marginal="NaN"/>
           <constraint idx="6008" name="capacity[6,5,1]" type="L" activity="81" lowerBound="-INF" upperBound="209" marginal="NaN"/>
           <constraint idx="6816" name="capacity[10,9,1]" type="L" activity="88" lowerBound="-INF" upperBound="232" marginal="NaN"/>
           <constraint idx="8234" name="capacity[17,18,1]" type="L" activity="53" lowerBound="-INF" upperBound="130" marginal="NaN"/>
           <constraint idx="8671" name="capacity[19,36,2]" type="L" activity="94" lowerBound="-INF" upperBound="117" marginal="NaN"/>
           <constraint idx="9240" name="capacity[22,21,1]" type="L" activity="52" lowerBound="-INF" upperBound="259" marginal="NaN"/>
           <constraint idx="9703" name="capacity[24,52,2]" type="L" activity="65" lowerBound="-INF" upperBound="149" marginal="NaN"/>
           <constraint idx="9767" name="capacity[24,84,2]" type="L" activity="86" lowerBound="-INF" upperBound="103" marginal="NaN"/>
           <constraint idx="9803" name="capacity[25,2,2]" type="L" activity="87" lowerBound="-INF" upperBound="126" marginal="NaN"/>
           <constraint idx="10005" name="capacity[26,3,2]" type="L" activity="99" lowerBound="-INF" upperBound="140" marginal="NaN"/>
           <constraint idx="10046" name="capacity[26,24,1]" type="L" activity="86" lowerBound="-INF" upperBound="201" marginal="NaN"/>
           <constraint idx="10215" name="capacity[27,8,2]" type="L" activity="73" lowerBound="-INF" upperBound="141" marginal="NaN"/>
           <constraint idx="10627" name="capacity[29,14,2]" type="L" activity="51" lowerBound="-INF" upperBound="147" marginal="NaN"/>
           <constraint idx="11052" name="capacity[31,27,1]" type="L" activity="73" lowerBound="-INF" upperBound="134" marginal="NaN"/>
           <constraint idx="11056" name="capacity[31,29,1]" type="L" activity="51" lowerBound="-INF" upperBound="270" marginal="NaN"/>
           <constraint idx="11456" name="capacity[33,29,1]" type="L" activity="63" lowerBound="-INF" upperBound="240" marginal="NaN"/>
           <constraint idx="11621" name="capacity[34,11,2]" type="L" activity="72" lowerBound="-INF" upperBound="106" marginal="NaN"/>
           <constraint idx="12072" name="capacity[36,37,1]" type="L" activity="94" lowerBound="-INF" upperBound="215" marginal="NaN"/>
           <constraint idx="12468" name="capacity[38,35,1]" type="L" activity="97" lowerBound="-INF" upperBound="291" marginal="NaN"/>
           <constraint idx="12721" name="capacity[39,61,2]" type="L" activity="88" lowerBound="-INF" upperBound="104" marginal="NaN"/>
           <constraint idx="12876" name="capacity[40,39,1]" type="L" activity="88" lowerBound="-INF" upperBound="162" marginal="NaN"/>
           <constraint idx="13084" name="capacity[41,43,1]" type="L" activity="51" lowerBound="-INF" upperBound="136" marginal="NaN"/>
           <constraint idx="13139" name="capacity[41,70,2]" type="L" activity="51" lowerBound="-INF" upperBound="109" marginal="NaN"/>
           <constraint idx="13161" name="capacity[41,81,2]" type="L" activity="61" lowerBound="-INF" upperBound="111" marginal="NaN"/>
           <constraint idx="13288" name="capacity[42,45,1]" type="L" activity="68" lowerBound="-INF" upperBound="268" marginal="NaN"/>
           <constraint idx="13405" name="capacity[43,3,2]" type="L" activity="51" lowerBound="-INF" upperBound="105" marginal="NaN"/>
           <constraint idx="13539" name="capacity[43,70,2]" type="L" activity="88" lowerBound="-INF" upperBound="117" marginal="NaN"/>
           <constraint idx="13690" name="capacity[44,46,1]" type="L" activity="86" lowerBound="-INF" upperBound="145" marginal="NaN"/>
           <constraint idx="13863" name="capacity[45,32,2]" type="L" activity="77" lowerBound="-INF" upperBound="131" marginal="NaN"/>
           <constraint idx="13929" name="capacity[45,65,2]" type="L" activity="68" lowerBound="-INF" upperBound="138" marginal="NaN"/>
           <constraint idx="13959" name="capacity[45,80,2]" type="L" activity="76" lowerBound="-INF" upperBound="148" marginal="NaN"/>
           <constraint idx="14211" name="capacity[47,6,2]" type="L" activity="81" lowerBound="-INF" upperBound="108" marginal="NaN"/>
           <constraint idx="14294" name="capacity[47,48,1]" type="L" activity="94" lowerBound="-INF" upperBound="182" marginal="NaN"/>
           <constraint idx="14387" name="capacity[47,94,2]" type="L" activity="56" lowerBound="-INF" upperBound="140" marginal="NaN"/>
           <constraint idx="14419" name="capacity[48,10,2]" type="L" activity="67" lowerBound="-INF" upperBound="120" marginal="NaN"/>
           <constraint idx="14863" name="capacity[50,32,2]" type="L" activity="92" lowerBound="-INF" upperBound="125" marginal="NaN"/>
           <constraint idx="14906" name="capacity[50,54,1]" type="L" activity="75" lowerBound="-INF" upperBound="231" marginal="NaN"/>
           <constraint idx="15316" name="capacity[52,59,1]" type="L" activity="65" lowerBound="-INF" upperBound="198" marginal="NaN"/>
           <constraint idx="15500" name="capacity[53,51,1]" type="L" activity="97" lowerBound="-INF" upperBound="270" marginal="NaN"/>
           <constraint idx="15633" name="capacity[54,17,2]" type="L" activity="60" lowerBound="-INF" upperBound="106" marginal="NaN"/>
           <constraint idx="15791" name="capacity[54,96,2]" type="L" activity="75" lowerBound="-INF" upperBound="127" marginal="NaN"/>
           <constraint idx="16233" name="capacity[57,17,2]" type="L" activity="53" lowerBound="-INF" upperBound="147" marginal="NaN"/>
           <constraint idx="16447" name="capacity[58,24,2]" type="L" activity="68" lowerBound="-INF" upperBound="132" marginal="NaN"/>
           <constraint idx="16475" name="capacity[58,38,2]" type="L" activity="97" lowerBound="-INF" upperBound="136" marginal="NaN"/>
           <constraint idx="16510" name="capacity[58,56,1]" type="L" activity="66" lowerBound="-INF" upperBound="298" marginal="NaN"/>
           <constraint idx="17649" name="capacity[64,25,2]" type="L" activity="62" lowerBound="-INF" upperBound="109" marginal="NaN"/>
           <constraint idx="17843" name="capacity[65,22,2]" type="L" activity="52" lowerBound="-INF" upperBound="102" marginal="NaN"/>
           <constraint idx="17887" name="capacity[65,44,2]" type="L" activity="86" lowerBound="-INF" upperBound="101" marginal="NaN"/>
           <constraint idx="17926" name="capacity[65,64,1]" type="L" activity="62" lowerBound="-INF" upperBound="157" marginal="NaN"/>
           <constraint idx="18105" name="capacity[66,53,2]" type="L" activity="53" lowerBound="-INF" upperBound="126" marginal="NaN"/>
           <constraint idx="18163" name="capacity[66,82,2]" type="L" activity="93" lowerBound="-INF" upperBound="129" marginal="NaN"/>
           <constraint idx="18530" name="capacity[68,66,1]" type="L" activity="53" lowerBound="-INF" upperBound="249" marginal="NaN"/>
           <constraint idx="18721" name="capacity[69,61,2]" type="L" activity="58" lowerBound="-INF" upperBound="125" marginal="NaN"/>
           <constraint idx="18936" name="capacity[70,69,1]" type="L" activity="88" lowerBound="-INF" upperBound="167" marginal="NaN"/>
           <constraint idx="18957" name="capacity[70,79,2]" type="L" activity="51" lowerBound="-INF" upperBound="109" marginal="NaN"/>
           <constraint idx="19043" name="capacity[71,22,2]" type="L" activity="59" lowerBound="-INF" upperBound="102" marginal="NaN"/>
           <constraint idx="19105" name="capacity[71,53,2]" type="L" activity="97" lowerBound="-INF" upperBound="132" marginal="NaN"/>
           <constraint idx="19142" name="capacity[71,72,1]" type="L" activity="53" lowerBound="-INF" upperBound="197" marginal="NaN"/>
           <constraint idx="19344" name="capacity[72,73,1]" type="L" activity="53" lowerBound="-INF" upperBound="285" marginal="NaN"/>
           <constraint idx="19347" name="capacity[72,74,2]" type="L" activity="54" lowerBound="-INF" upperBound="144" marginal="NaN"/>
           <constraint idx="19532" name="capacity[73,67,1]" type="L" activity="86" lowerBound="-INF" upperBound="133" marginal="NaN"/>
           <constraint idx="19593" name="capacity[73,97,2]" type="L" activity="57" lowerBound="-INF" upperBound="119" marginal="NaN"/>
           <constraint idx="19740" name="capacity[74,71,1]" type="L" activity="59" lowerBound="-INF" upperBound="173" marginal="NaN"/>
           <constraint idx="19768" name="capacity[74,85,1]" type="L" activity="54" lowerBound="-INF" upperBound="294" marginal="NaN"/>
           <constraint idx="19991" name="capacity[75,96,2]" type="L" activity="81" lowerBound="-INF" upperBound="124" marginal="NaN"/>
           <constraint idx="20154" name="capacity[76,78,1]" type="L" activity="99" lowerBound="-INF" upperBound="218" marginal="NaN"/>
           <constraint idx="20339" name="capacity[77,70,2]" type="L" activity="59" lowerBound="-INF" upperBound="105" marginal="NaN"/>
           <constraint idx="20354" name="capacity[77,78,1]" type="L" activity="54" lowerBound="-INF" upperBound="101" marginal="NaN"/>
           <constraint idx="20501" name="capacity[78,51,2]" type="L" activity="99" lowerBound="-INF" upperBound="144" marginal="NaN"/>
           <constraint idx="20537" name="capacity[78,69,2]" type="L" activity="58" lowerBound="-INF" upperBound="105" marginal="NaN"/>
           <constraint idx="20689" name="capacity[79,45,2]" type="L" activity="77" lowerBound="-INF" upperBound="135" marginal="NaN"/>
           <constraint idx="20697" name="capacity[79,49,2]" type="L" activity="58" lowerBound="-INF" upperBound="100" marginal="NaN"/>
           <constraint idx="20865" name="capacity[80,33,2]" type="L" activity="63" lowerBound="-INF" upperBound="135" marginal="NaN"/>
           <constraint idx="20962" name="capacity[80,82,1]" type="L" activity="78" lowerBound="-INF" upperBound="250" marginal="NaN"/>
           <constraint idx="21166" name="capacity[81,84,1]" type="L" activity="61" lowerBound="-INF" upperBound="189" marginal="NaN"/>
           <constraint idx="21301" name="capacity[82,51,2]" type="L" activity="54" lowerBound="-INF" upperBound="140" marginal="NaN"/>
           <constraint idx="21315" name="capacity[82,58,2]" type="L" activity="66" lowerBound="-INF" upperBound="107" marginal="NaN"/>
           <constraint idx="21370" name="capacity[82,86,1]" type="L" activity="93" lowerBound="-INF" upperBound="265" marginal="NaN"/>
           <constraint idx="21396" name="capacity[82,99,1]" type="L" activity="78" lowerBound="-INF" upperBound="132" marginal="NaN"/>
           <constraint idx="21752" name="capacity[84,77,1]" type="L" activity="59" lowerBound="-INF" upperBound="272" marginal="NaN"/>
           <constraint idx="21756" name="capacity[84,79,1]" type="L" activity="58" lowerBound="-INF" upperBound="123" marginal="NaN"/>
           <constraint idx="22019" name="capacity[86,10,2]" type="L" activity="88" lowerBound="-INF" upperBound="128" marginal="NaN"/>
           <constraint idx="22946" name="capacity[90,74,1]" type="L" activity="87" lowerBound="-INF" upperBound="171" marginal="NaN"/>
           <constraint idx="23841" name="capacity[95,21,2]" type="L" activity="96" lowerBound="-INF" upperBound="131" marginal="NaN"/>
           <constraint idx="24198" name="capacity[96,100,1]" type="L" activity="81" lowerBound="-INF" upperBound="243" marginal="NaN"/>
           <constraint idx="24707" name="capacity[99,54,2]" type="L" activity="60" lowerBound="-INF" upperBound="135" marginal="NaN"/>
           <constraint idx="25000" name="lunghezza[1]" type="L" activity="2" lowerBound="-INF" upperBound="2" marginal="NaN"/>
           <constraint idx="25001" name="lunghezza[2]" type="L" activity="2" lowerBound="-INF" upperBound="2" marginal="NaN"/>
           <constraint idx="25002" name="lunghezza[3]" type="L" activity="1" lowerBound="-INF" upperBound="2" marginal="NaN"/>
           <constraint idx="25003" name="lunghezza[4]" type="L" activity="2" lowerBound="-INF" upperBound="2" marginal="NaN"/>
           <constraint idx="25004" name="lunghezza[5]" type="L" activity="1" lowerBound="-INF" upperBound="2" marginal="NaN"/>
           <constraint idx="25005" name="lunghezza[6]" type="L" activity="2" lowerBound="-INF" upperBound="2" marginal="NaN"/>
           <constraint idx="25006" name="lunghezza[7]" type="L" activity="2" lowerBound="-INF" upperBound="2" marginal="NaN"/>
           <constraint idx="25007" name="lunghezza[8]" type="L" activity="1" lowerBound="-INF" upperBound="2" marginal="NaN"/>
           <constraint idx="25008" name="lunghezza[9]" type="L" activity="2" lowerBound="-INF" upperBound="2" marginal="NaN"/>
           <constraint idx="25009" name="lunghezza[10]" type="L" activity="2" lowerBound="-INF" upperBound="2" marginal="NaN"/>
           <constraint idx="25010" name="lunghezza[11]" type="L" activity="2" lowerBound="-INF" upperBound="2" marginal="NaN"/>
           <constraint idx="25011" name="lunghezza[12]" type="L" activity="2" lowerBound="-INF" upperBound="2" marginal="NaN"/>
           <constraint idx="25012" name="lunghezza[13]" type="L" activity="2" lowerBound="-INF" upperBound="2" marginal="NaN"/>
           <constraint idx="25013" name="lunghezza[14]" type="L" activity="2" lowerBound="-INF" upperBound="2" marginal="NaN"/>
           <constraint idx="25014" name="lunghezza[15]" type="L" activity="2" lowerBound="-INF" upperBound="2" marginal="NaN"/>
           <constraint idx="25015" name="lunghezza[16]" type="L" activity="1" lowerBound="-INF" upperBound="2" marginal="NaN"/>
           <constraint idx="25016" name="lunghezza[17]" type="L" activity="2" lowerBound="-INF" upperBound="2" marginal="NaN"/>
           <constraint idx="25017" name="lunghezza[18]" type="L" activity="2" lowerBound="-INF" upperBound="2" marginal="NaN"/>
           <constraint idx="25018" name="lunghezza[19]" type="L" activity="2" lowerBound="-INF" upperBound="2" marginal="NaN"/>
           <constraint idx="25019" name="lunghezza[20]" type="L" activity="1" lowerBound="-INF" upperBound="2" marginal="NaN"/>
           <constraint idx="25020" name="lunghezza[21]" type="L" activity="2" lowerBound="-INF" upperBound="2" marginal="NaN"/>
           <constraint idx="25021" name="lunghezza[22]" type="L" activity="2" lowerBound="-INF" upperBound="2" marginal="NaN"/>
           <constraint idx="25022" name="lunghezza[23]" type="L" activity="2" lowerBound="-INF" upperBound="2" marginal="NaN"/>
           <constraint idx="25023" name="lunghezza[24]" type="L" activity="2" lowerBound="-INF" upperBound="2" marginal="NaN"/>
           <constraint idx="25024" name="lunghezza[25]" type="L" activity="2" lowerBound="-INF" upperBound="2" marginal="NaN"/>
           <constraint idx="25025" name="lunghezza[26]" type="L" activity="2" lowerBound="-INF" upperBound="2" marginal="NaN"/>
           <constraint idx="25026" name="lunghezza[27]" type="L" activity="1" lowerBound="-INF" upperBound="2" marginal="NaN"/>
           <constraint idx="25027" name="lunghezza[28]" type="L" activity="1" lowerBound="-INF" upperBound="2" marginal="NaN"/>
           <constraint idx="25028" name="lunghezza[29]" type="L" activity="2" lowerBound="-INF" upperBound="2" marginal="NaN"/>
           <constraint idx="25029" name="lunghezza[30]" type="L" activity="2" lowerBound="-INF" upperBound="2" marginal="NaN"/>
           <constraint idx="25030" name="lunghezza[31]" type="L" activity="2" lowerBound="-INF" upperBound="2" marginal="NaN"/>
           <constraint idx="25031" name="lunghezza[32]" type="L" activity="2" lowerBound="-INF" upperBound="2" marginal="NaN"/>
           <constraint idx="25032" name="lunghezza[33]" type="L" activity="2" lowerBound="-INF" upperBound="2" marginal="NaN"/>
           <constraint idx="25033" name="lunghezza[34]" type="L" activity="2" lowerBound="-INF" upperBound="2" marginal="NaN"/>
           <constraint idx="25034" name="lunghezza[35]" type="L" activity="1" lowerBound="-INF" upperBound="2" marginal="NaN"/>
           <constraint idx="25035" name="lunghezza[36]" type="L" activity="2" lowerBound="-INF" upperBound="2" marginal="NaN"/>
           <constraint idx="25036" name="lunghezza[37]" type="L" activity="2" lowerBound="-INF" upperBound="2" marginal="NaN"/>
           <constraint idx="25037" name="lunghezza[38]" type="L" activity="2" lowerBound="-INF" upperBound="2" marginal="NaN"/>
           <constraint idx="25038" name="lunghezza[39]" type="L" activity="2" lowerBound="-INF" upperBound="2" marginal="NaN"/>
           <constraint idx="25039" name="lunghezza[40]" type="L" activity="2" lowerBound="-INF" upperBound="2" marginal="NaN"/>
           <constraint idx="25040" name="lunghezza[41]" type="L" activity="1" lowerBound="-INF" upperBound="2" marginal="NaN"/>
           <constraint idx="25041" name="lunghezza[42]" type="L" activity="2" lowerBound="-INF" upperBound="2" marginal="NaN"/>
           <constraint idx="25042" name="lunghezza[43]" type="L" activity="2" lowerBound="-INF" upperBound="2" marginal="NaN"/>
           <constraint idx="25043" name="lunghezza[44]" type="L" activity="1" lowerBound="-INF" upperBound="2" marginal="NaN"/>
           <constraint idx="25044" name="lunghezza[45]" type="L" activity="2" lowerBound="-INF" upperBound="2" marginal="NaN"/>
           <constraint idx="25045" name="lunghezza[46]" type="L" activity="1" lowerBound="-INF" upperBound="2" marginal="NaN"/>
           <constraint idx="25046" name="lunghezza[47]" type="L" activity="2" lowerBound="-INF" upperBound="2" marginal="NaN"/>
           <constraint idx="25047" name="lunghezza[48]" type="L" activity="1" lowerBound="-INF" upperBound="2" marginal="NaN"/>
           <constraint idx="25048" name="lunghezza[49]" type="L" activity="2" lowerBound="-INF" upperBound="2" marginal="NaN"/>
           <constraint idx="25049" name="lunghezza[50]" type="L" activity="2" lowerBound="-INF" upperBound="2" marginal="NaN"/>
           <constraint idx="25181" name="unico[1,66,2]" type="L" activity="1" lowerBound="-INF" upperBound="1" marginal="NaN"/>
           <constraint idx="25184" name="unico[1,68,1]" type="L" activity="1" lowerBound="-INF" upperBound="1" marginal="NaN"/>
           <constraint idx="25399" name="unico[2,75,2]" type="L" activity="1" lowerBound="-INF" upperBound="1" marginal="NaN"/>
           <constraint idx="25440" name="unico[2,96,1]" type="L" activity="1" lowerBound="-INF" upperBound="1" marginal="NaN"/>
           <constraint idx="25639" name="unico[3,95,2]" type="L" activity="1" lowerBound="-INF" upperBound="1" marginal="NaN"/>
           <constraint idx="25807" name="unico[4,79,2]" type="L" activity="1" lowerBound="-INF" upperBound="1" marginal="NaN"/>
           <constraint idx="25816" name="unico[4,84,1]" type="L" activity="1" lowerBound="-INF" upperBound="1" marginal="NaN"/>
           <constraint idx="25945" name="unico[5,48,2]" type="L" activity="1" lowerBound="-INF" upperBound="1" marginal="NaN"/>
           <constraint idx="26136" name="unico[6,44,1]" type="L" activity="1" lowerBound="-INF" upperBound="1" marginal="NaN"/>
           <constraint idx="26179" name="unico[6,65,2]" type="L" activity="1" lowerBound="-INF" upperBound="1" marginal="NaN"/>
           <constraint idx="26381" name="unico[7,66,2]" type="L" activity="1" lowerBound="-INF" upperBound="1" marginal="NaN"/>
           <constraint idx="26412" name="unico[7,82,1]" type="L" activity="1" lowerBound="-INF" upperBound="1" marginal="NaN"/>
           <constraint idx="26517" name="unico[8,34,2]" type="L" activity="1" lowerBound="-INF" upperBound="1" marginal="NaN"/>
           <constraint idx="26803" name="unico[9,77,2]" type="L" activity="1" lowerBound="-INF" upperBound="1" marginal="NaN"/>
           <constraint idx="26816" name="unico[9,84,1]" type="L" activity="1" lowerBound="-INF" upperBound="1" marginal="NaN"/>
           <constraint idx="26868" name="unico[10,10,1]" type="L" activity="1" lowerBound="-INF" upperBound="1" marginal="NaN"/>
           <constraint idx="27021" name="unico[10,86,2]" type="L" activity="1" lowerBound="-INF" upperBound="1" marginal="NaN"/>
           <constraint idx="27097" name="unico[11,24,2]" type="L" activity="1" lowerBound="-INF" upperBound="1" marginal="NaN"/>
           <constraint idx="27100" name="unico[11,26,1]" type="L" activity="1" lowerBound="-INF" upperBound="1" marginal="NaN"/>
           <constraint idx="27400" name="unico[12,76,1]" type="L" activity="1" lowerBound="-INF" upperBound="1" marginal="NaN"/>
           <constraint idx="27405" name="unico[12,78,2]" type="L" activity="1" lowerBound="-INF" upperBound="1" marginal="NaN"/>
           <constraint idx="27564" name="unico[13,58,1]" type="L" activity="1" lowerBound="-INF" upperBound="1" marginal="NaN"/>
           <constraint idx="27613" name="unico[13,82,2]" type="L" activity="1" lowerBound="-INF" upperBound="1" marginal="NaN"/>
           <constraint idx="27652" name="unico[14,2,1]" type="L" activity="1" lowerBound="-INF" upperBound="1" marginal="NaN"/>
           <constraint idx="27699" name="unico[14,25,2]" type="L" activity="1" lowerBound="-INF" upperBound="1" marginal="NaN"/>
           <constraint idx="27977" name="unico[15,64,2]" type="L" activity="1" lowerBound="-INF" upperBound="1" marginal="NaN"/>
           <constraint idx="27978" name="unico[15,65,1]" type="L" activity="1" lowerBound="-INF" upperBound="1" marginal="NaN"/>
           <constraint idx="28202" name="unico[16,77,1]" type="L" activity="1" lowerBound="-INF" upperBound="1" marginal="NaN"/>
           <constraint idx="28303" name="unico[17,27,2]" type="L" activity="1" lowerBound="-INF" upperBound="1" marginal="NaN"/>
           <constraint idx="28310" name="unico[17,31,1]" type="L" activity="1" lowerBound="-INF" upperBound="1" marginal="NaN"/>
           <constraint idx="28590" name="unico[18,71,1]" type="L" activity="1" lowerBound="-INF" upperBound="1" marginal="NaN"/>
           <constraint idx="28592" name="unico[18,72,1]" type="L" activity="1" lowerBound="-INF" upperBound="1" marginal="NaN"/>
           <constraint idx="28682" name="unico[19,17,1]" type="L" activity="1" lowerBound="-INF" upperBound="1" marginal="NaN"/>
           <constraint idx="28763" name="unico[19,57,2]" type="L" activity="1" lowerBound="-INF" upperBound="1" marginal="NaN"/>
           <constraint idx="28965" name="unico[20,58,2]" type="L" activity="1" lowerBound="-INF" upperBound="1" marginal="NaN"/>
           <constraint idx="29154" name="unico[21,53,1]" type="L" activity="1" lowerBound="-INF" upperBound="1" marginal="NaN"/>
           <constraint idx="29191" name="unico[21,71,2]" type="L" activity="1" lowerBound="-INF" upperBound="1" marginal="NaN"/>
           <constraint idx="29357" name="unico[22,54,2]" type="L" activity="1" lowerBound="-INF" upperBound="1" marginal="NaN"/>
           <constraint idx="29447" name="unico[22,99,2]" type="L" activity="1" lowerBound="-INF" upperBound="1" marginal="NaN"/>
           <constraint idx="29587" name="unico[23,69,2]" type="L" activity="1" lowerBound="-INF" upperBound="1" marginal="NaN"/>
           <constraint idx="29605" name="unico[23,78,2]" type="L" activity="1" lowerBound="-INF" upperBound="1" marginal="NaN"/>
           <constraint idx="29727" name="unico[24,39,2]" type="L" activity="1" lowerBound="-INF" upperBound="1" marginal="NaN"/>
           <constraint idx="29728" name="unico[24,40,1]" type="L" activity="1" lowerBound="-INF" upperBound="1" marginal="NaN"/>
           <constraint idx="29932" name="unico[25,42,1]" type="L" activity="1" lowerBound="-INF" upperBound="1" marginal="NaN"/>
           <constraint idx="29939" name="unico[25,45,2]" type="L" activity="1" lowerBound="-INF" upperBound="1" marginal="NaN"/>
           <constraint idx="30060" name="unico[26,6,1]" type="L" activity="1" lowerBound="-INF" upperBound="1" marginal="NaN"/>
           <constraint idx="30143" name="unico[26,47,2]" type="L" activity="1" lowerBound="-INF" upperBound="1" marginal="NaN"/>
           <constraint idx="30343" name="unico[27,47,2]" type="L" activity="1" lowerBound="-INF" upperBound="1" marginal="NaN"/>
           <constraint idx="30613" name="unico[28,82,2]" type="L" activity="1" lowerBound="-INF" upperBound="1" marginal="NaN"/>
           <constraint idx="30731" name="unico[29,41,2]" type="L" activity="1" lowerBound="-INF" upperBound="1" marginal="NaN"/>
           <constraint idx="30810" name="unico[29,81,1]" type="L" activity="1" lowerBound="-INF" upperBound="1" marginal="NaN"/>
           <constraint idx="30939" name="unico[30,45,2]" type="L" activity="1" lowerBound="-INF" upperBound="1" marginal="NaN"/>
           <constraint idx="31007" name="unico[30,79,2]" type="L" activity="1" lowerBound="-INF" upperBound="1" marginal="NaN"/>
           <constraint idx="31130" name="unico[31,41,1]" type="L" activity="1" lowerBound="-INF" upperBound="1" marginal="NaN"/>
           <constraint idx="31135" name="unico[31,43,2]" type="L" activity="1" lowerBound="-INF" upperBound="1" marginal="NaN"/>
           <constraint idx="31391" name="unico[32,71,2]" type="L" activity="1" lowerBound="-INF" upperBound="1" marginal="NaN"/>
           <constraint idx="31396" name="unico[32,74,1]" type="L" activity="1" lowerBound="-INF" upperBound="1" marginal="NaN"/>
           <constraint idx="31507" name="unico[33,29,2]" type="L" activity="1" lowerBound="-INF" upperBound="1" marginal="NaN"/>
           <constraint idx="31510" name="unico[33,31,1]" type="L" activity="1" lowerBound="-INF" upperBound="1" marginal="NaN"/>
           <constraint idx="31692" name="unico[34,22,1]" type="L" activity="1" lowerBound="-INF" upperBound="1" marginal="NaN"/>
           <constraint idx="31779" name="unico[34,65,2]" type="L" activity="1" lowerBound="-INF" upperBound="1" marginal="NaN"/>
           <constraint idx="31949" name="unico[35,50,2]" type="L" activity="1" lowerBound="-INF" upperBound="1" marginal="NaN"/>
           <constraint idx="32054" name="unico[36,3,1]" type="L" activity="1" lowerBound="-INF" upperBound="1" marginal="NaN"/>
           <constraint idx="32101" name="unico[36,26,2]" type="L" activity="1" lowerBound="-INF" upperBound="1" marginal="NaN"/>
           <constraint idx="32253" name="unico[37,2,2]" type="L" activity="1" lowerBound="-INF" upperBound="1" marginal="NaN"/>
           <constraint idx="32339" name="unico[37,45,2]" type="L" activity="1" lowerBound="-INF" upperBound="1" marginal="NaN"/>
           <constraint idx="32608" name="unico[38,80,1]" type="L" activity="1" lowerBound="-INF" upperBound="1" marginal="NaN"/>
           <constraint idx="32612" name="unico[38,82,1]" type="L" activity="1" lowerBound="-INF" upperBound="1" marginal="NaN"/>
           <constraint idx="32724" name="unico[39,38,1]" type="L" activity="1" lowerBound="-INF" upperBound="1" marginal="NaN"/>
           <constraint idx="32765" name="unico[39,58,2]" type="L" activity="1" lowerBound="-INF" upperBound="1" marginal="NaN"/>
           <constraint idx="32931" name="unico[40,41,2]" type="L" activity="1" lowerBound="-INF" upperBound="1" marginal="NaN"/>
           <constraint idx="32989" name="unico[40,70,2]" type="L" activity="1" lowerBound="-INF" upperBound="1" marginal="NaN"/>
           <constraint idx="33195" name="unico[41,73,2]" type="L" activity="1" lowerBound="-INF" upperBound="1" marginal="NaN"/>
           <constraint idx="33393" name="unico[42,72,2]" type="L" activity="1" lowerBound="-INF" upperBound="1" marginal="NaN"/>
           <constraint idx="33396" name="unico[42,74,1]" type="L" activity="1" lowerBound="-INF" upperBound="1" marginal="NaN"/>
           <constraint idx="33497" name="unico[43,24,2]" type="L" activity="1" lowerBound="-INF" upperBound="1" marginal="NaN"/>
           <constraint idx="33552" name="unico[43,52,1]" type="L" activity="1" lowerBound="-INF" upperBound="1" marginal="NaN"/>
           <constraint idx="33742" name="unico[44,47,1]" type="L" activity="1" lowerBound="-INF" upperBound="1" marginal="NaN"/>
           <constraint idx="33935" name="unico[45,43,2]" type="L" activity="1" lowerBound="-INF" upperBound="1" marginal="NaN"/>
           <constraint idx="33988" name="unico[45,70,1]" type="L" activity="1" lowerBound="-INF" upperBound="1" marginal="NaN"/>
           <constraint idx="34194" name="unico[46,73,1]" type="L" activity="1" lowerBound="-INF" upperBound="1" marginal="NaN"/>
           <constraint idx="34287" name="unico[47,19,2]" type="L" activity="1" lowerBound="-INF" upperBound="1" marginal="NaN"/>
           <constraint idx="34320" name="unico[47,36,1]" type="L" activity="1" lowerBound="-INF" upperBound="1" marginal="NaN"/>
           <constraint idx="34628" name="unico[48,90,1]" type="L" activity="1" lowerBound="-INF" upperBound="1" marginal="NaN"/>
           <constraint idx="34748" name="unico[49,50,1]" type="L" activity="1" lowerBound="-INF" upperBound="1" marginal="NaN"/>
           <constraint idx="34757" name="unico[49,54,2]" type="L" activity="1" lowerBound="-INF" upperBound="1" marginal="NaN"/>
           <constraint idx="34914" name="unico[50,33,1]" type="L" activity="1" lowerBound="-INF" upperBound="1" marginal="NaN"/>
           <constraint idx="35009" name="unico[50,80,2]" type="L" activity="1" lowerBound="-INF" upperBound="1" marginal="NaN"/>
       </linearConstraints>
   </solution>
</CmplSolutions>
