<?xml version = "1.1" encoding="UTF-8" standalone="yes"?>
<CmplSolutions version="1.0">
   <general>
       <instanceName>inst_100_50_100_50_75_25_45$_01_2.cmpl</instanceName>
       <nrOfVariables>1000000</nrOfVariables>
       <nrOfConstraints>15050</nrOfConstraints>
       <objectiveName>cost</objectiveName>
       <objectiveSense>min</objectiveSense>
       <nrOfSolutions>1</nrOfSolutions>
       <solverName>GLPK</solverName>
       <variablesDisplayOptions>nonZeroVariables (all)</variablesDisplayOptions>
       <constraintsDisplayOptions>nonZeroConstraints (all)</constraintsDisplayOptions>
   </general>
   <solution idx="0" status="optimal" value="3935">
       <variables>
           <variable idx="13673" name="y[1,69,37,2]" type="C" activity="1" lowerBound="0" upperBound="1" marginal="0"/>
           <variable idx="30639" name="y[2,54,20,2]" type="C" activity="1" lowerBound="0" upperBound="1" marginal="0"/>
           <variable idx="52425" name="y[3,63,13,2]" type="C" activity="1" lowerBound="0" upperBound="1" marginal="0"/>
           <variable idx="76295" name="y[4,82,48,2]" type="C" activity="1" lowerBound="0" upperBound="1" marginal="0"/>
           <variable idx="95703" name="y[5,79,52,2]" type="C" activity="1" lowerBound="0" upperBound="1" marginal="0"/>
           <variable idx="118355" name="y[6,92,78,2]" type="C" activity="1" lowerBound="0" upperBound="1" marginal="0"/>
           <variable idx="138607" name="y[7,94,4,2]" type="C" activity="1" lowerBound="0" upperBound="1" marginal="0"/>
           <variable idx="159579" name="y[8,98,90,2]" type="C" activity="1" lowerBound="0" upperBound="1" marginal="0"/>
           <variable idx="170451" name="y[9,53,26,2]" type="C" activity="1" lowerBound="0" upperBound="1" marginal="0"/>
           <variable idx="197377" name="y[10,87,89,2]" type="C" activity="1" lowerBound="0" upperBound="1" marginal="0"/>
           <variable idx="205119" name="y[11,26,60,2]" type="C" activity="1" lowerBound="0" upperBound="1" marginal="0"/>
           <variable idx="234517" name="y[12,73,59,2]" type="C" activity="1" lowerBound="0" upperBound="1" marginal="0"/>
           <variable idx="259175" name="y[13,96,88,2]" type="C" activity="1" lowerBound="0" upperBound="1" marginal="0"/>
           <variable idx="265037" name="y[14,26,19,2]" type="C" activity="1" lowerBound="0" upperBound="1" marginal="0"/>
           <variable idx="292357" name="y[15,62,79,2]" type="C" activity="1" lowerBound="0" upperBound="1" marginal="0"/>
           <variable idx="318285" name="y[16,92,43,2]" type="C" activity="1" lowerBound="0" upperBound="1" marginal="0"/>
           <variable idx="339207" name="y[17,97,4,2]" type="C" activity="1" lowerBound="0" upperBound="1" marginal="0"/>
           <variable idx="350919" name="y[18,55,60,2]" type="C" activity="1" lowerBound="0" upperBound="1" marginal="0"/>
           <variable idx="377219" name="y[19,87,10,2]" type="C" activity="1" lowerBound="0" upperBound="1" marginal="0"/>
           <variable idx="391447" name="y[20,58,24,2]" type="C" activity="1" lowerBound="0" upperBound="1" marginal="0"/>
           <variable idx="400107" name="y[21,1,54,2]" type="C" activity="1" lowerBound="0" upperBound="1" marginal="0"/>
           <variable idx="427919" name="y[22,40,60,2]" type="C" activity="1" lowerBound="0" upperBound="1" marginal="0"/>
           <variable idx="444809" name="y[23,25,5,2]" type="C" activity="1" lowerBound="0" upperBound="1" marginal="0"/>
           <variable idx="469129" name="y[24,46,65,2]" type="C" activity="1" lowerBound="0" upperBound="1" marginal="0"/>
           <variable idx="482231" name="y[25,12,16,2]" type="C" activity="1" lowerBound="0" upperBound="1" marginal="0"/>
           <variable idx="501475" name="y[26,8,38,2]" type="C" activity="1" lowerBound="0" upperBound="1" marginal="0"/>
           <variable idx="536939" name="y[27,85,70,2]" type="C" activity="1" lowerBound="0" upperBound="1" marginal="0"/>
           <variable idx="541207" name="y[28,7,4,2]" type="C" activity="1" lowerBound="0" upperBound="1" marginal="0"/>
           <variable idx="572161" name="y[29,61,81,2]" type="C" activity="1" lowerBound="0" upperBound="1" marginal="0"/>
           <variable idx="594143" name="y[30,71,72,2]" type="C" activity="1" lowerBound="0" upperBound="1" marginal="0"/>
           <variable idx="618475" name="y[31,93,38,2]" type="C" activity="1" lowerBound="0" upperBound="1" marginal="0"/>
           <variable idx="631381" name="y[32,57,91,2]" type="C" activity="1" lowerBound="0" upperBound="1" marginal="0"/>
           <variable idx="644901" name="y[33,25,51,2]" type="C" activity="1" lowerBound="0" upperBound="1" marginal="0"/>
           <variable idx="678999" name="y[34,95,100,2]" type="C" activity="1" lowerBound="0" upperBound="1" marginal="0"/>
           <variable idx="679877" name="y[34,100,39,2]" type="C" activity="1" lowerBound="0" upperBound="1" marginal="0"/>
           <variable idx="687399" name="y[35,37,100,2]" type="C" activity="1" lowerBound="0" upperBound="1" marginal="0"/>
           <variable idx="699803" name="y[35,100,2,2]" type="C" activity="1" lowerBound="0" upperBound="1" marginal="0"/>
           <variable idx="700425" name="y[36,3,13,2]" type="C" activity="1" lowerBound="0" upperBound="1" marginal="0"/>
           <variable idx="732365" name="y[37,62,83,2]" type="C" activity="1" lowerBound="0" upperBound="1" marginal="0"/>
           <variable idx="740935" name="y[38,5,68,2]" type="C" activity="1" lowerBound="0" upperBound="1" marginal="0"/>
           <variable idx="765995" name="y[39,30,98,2]" type="C" activity="1" lowerBound="0" upperBound="1" marginal="0"/>
           <variable idx="799057" name="y[40,96,29,2]" type="C" activity="1" lowerBound="0" upperBound="1" marginal="0"/>
           <variable idx="818931" name="y[41,95,66,2]" type="C" activity="1" lowerBound="0" upperBound="1" marginal="0"/>
           <variable idx="827301" name="y[42,37,51,2]" type="C" activity="1" lowerBound="0" upperBound="1" marginal="0"/>
           <variable idx="844097" name="y[43,21,49,2]" type="C" activity="1" lowerBound="0" upperBound="1" marginal="0"/>
           <variable idx="860821" name="y[44,5,11,2]" type="C" activity="1" lowerBound="0" upperBound="1" marginal="0"/>
           <variable idx="882133" name="y[45,11,67,2]" type="C" activity="1" lowerBound="0" upperBound="1" marginal="0"/>
           <variable idx="916965" name="y[46,85,83,2]" type="C" activity="1" lowerBound="0" upperBound="1" marginal="0"/>
           <variable idx="939371" name="y[47,97,86,2]" type="C" activity="1" lowerBound="0" upperBound="1" marginal="0"/>
           <variable idx="958723" name="y[48,94,62,2]" type="C" activity="1" lowerBound="0" upperBound="1" marginal="0"/>
           <variable idx="977483" name="y[49,88,42,2]" type="C" activity="1" lowerBound="0" upperBound="1" marginal="0"/>
           <variable idx="989897" name="y[50,50,49,2]" type="C" activity="1" lowerBound="0" upperBound="1" marginal="0"/>
       </variables>
       <linearConstraints> 
           <constraint idx="20" name="bilancio[1,21]" type="E" activity="-1" lowerBound="-1" upperBound="-1" marginal="-140"/>
           <constraint idx="84" name="bilancio[2,35]" type="E" activity="1" lowerBound="1" upperBound="1" marginal="1435"/>
           <constraint idx="135" name="bilancio[3,36]" type="E" activity="-1" lowerBound="-1" upperBound="-1" marginal="-103"/>
           <constraint idx="156" name="bilancio[4,7]" type="E" activity="1" lowerBound="1" upperBound="1" marginal="65"/>
           <constraint idx="166" name="bilancio[4,17]" type="E" activity="1" lowerBound="1" upperBound="1" marginal="58"/>
           <constraint idx="177" name="bilancio[4,28]" type="E" activity="1" lowerBound="1" upperBound="1" marginal="91"/>
           <constraint idx="222" name="bilancio[5,23]" type="E" activity="1" lowerBound="1" upperBound="1" marginal="99"/>
           <constraint idx="237" name="bilancio[5,38]" type="E" activity="-1" lowerBound="-1" upperBound="-1" marginal="-152"/>
           <constraint idx="243" name="bilancio[5,44]" type="E" activity="-1" lowerBound="-1" upperBound="-1" marginal="-140"/>
           <constraint idx="327" name="bilancio[7,28]" type="E" activity="-1" lowerBound="-1" upperBound="-1" marginal="-55"/>
           <constraint idx="375" name="bilancio[8,26]" type="E" activity="-1" lowerBound="-1" upperBound="-1" marginal="-133"/>
           <constraint idx="468" name="bilancio[10,19]" type="E" activity="1" lowerBound="1" upperBound="1" marginal="87"/>
           <constraint idx="543" name="bilancio[11,44]" type="E" activity="1" lowerBound="1" upperBound="1" marginal="85"/>
           <constraint idx="544" name="bilancio[11,45]" type="E" activity="-1" lowerBound="-1" upperBound="-1" marginal="-56"/>
           <constraint idx="574" name="bilancio[12,25]" type="E" activity="-1" lowerBound="-1" upperBound="-1" marginal="-122"/>
           <constraint idx="602" name="bilancio[13,3]" type="E" activity="1" lowerBound="1" upperBound="1" marginal="67"/>
           <constraint idx="635" name="bilancio[13,36]" type="E" activity="1" lowerBound="1" upperBound="1" marginal="53"/>
           <constraint idx="774" name="bilancio[16,25]" type="E" activity="1" lowerBound="1" upperBound="1" marginal="54"/>
           <constraint idx="913" name="bilancio[19,14]" type="E" activity="1" lowerBound="1" upperBound="1" marginal="80"/>
           <constraint idx="951" name="bilancio[20,2]" type="E" activity="1" lowerBound="1" upperBound="1" marginal="70"/>
           <constraint idx="1042" name="bilancio[21,43]" type="E" activity="-1" lowerBound="-1" upperBound="-1" marginal="-109"/>
           <constraint idx="1169" name="bilancio[24,20]" type="E" activity="1" lowerBound="1" upperBound="1" marginal="73"/>
           <constraint idx="1222" name="bilancio[25,23]" type="E" activity="-1" lowerBound="-1" upperBound="-1" marginal="-73"/>
           <constraint idx="1232" name="bilancio[25,33]" type="E" activity="-1" lowerBound="-1" upperBound="-1" marginal="-129"/>
           <constraint idx="1258" name="bilancio[26,9]" type="E" activity="1" lowerBound="1" upperBound="1" marginal="63"/>
           <constraint idx="1260" name="bilancio[26,11]" type="E" activity="-1" lowerBound="-1" upperBound="-1" marginal="-118"/>
           <constraint idx="1263" name="bilancio[26,14]" type="E" activity="-1" lowerBound="-1" upperBound="-1" marginal="-54"/>
           <constraint idx="1439" name="bilancio[29,40]" type="E" activity="1" lowerBound="1" upperBound="1" marginal="67"/>
           <constraint idx="1488" name="bilancio[30,39]" type="E" activity="-1" lowerBound="-1" upperBound="-1" marginal="-153"/>
           <constraint idx="1800" name="bilancio[37,1]" type="E" activity="1" lowerBound="1" upperBound="1" marginal="53"/>
           <constraint idx="1834" name="bilancio[37,35]" type="E" activity="-1" lowerBound="-1" upperBound="-1" marginal="-1501"/>
           <constraint idx="1841" name="bilancio[37,42]" type="E" activity="-1" lowerBound="-1" upperBound="-1" marginal="-151"/>
           <constraint idx="1875" name="bilancio[38,26]" type="E" activity="1" lowerBound="1" upperBound="1" marginal="77"/>
           <constraint idx="1880" name="bilancio[38,31]" type="E" activity="1" lowerBound="1" upperBound="1" marginal="57"/>
           <constraint idx="1933" name="bilancio[39,34]" type="E" activity="1" lowerBound="1" upperBound="1" marginal="2520"/>
           <constraint idx="1971" name="bilancio[40,22]" type="E" activity="-1" lowerBound="-1" upperBound="-1" marginal="-148"/>
           <constraint idx="2098" name="bilancio[42,49]" type="E" activity="1" lowerBound="1" upperBound="1" marginal="61"/>
           <constraint idx="2115" name="bilancio[43,16]" type="E" activity="1" lowerBound="1" upperBound="1" marginal="70"/>
           <constraint idx="2273" name="bilancio[46,24]" type="E" activity="-1" lowerBound="-1" upperBound="-1" marginal="-66"/>
           <constraint idx="2353" name="bilancio[48,4]" type="E" activity="1" lowerBound="1" upperBound="1" marginal="50"/>
           <constraint idx="2442" name="bilancio[49,43]" type="E" activity="1" lowerBound="1" upperBound="1" marginal="50"/>
           <constraint idx="2449" name="bilancio[49,50]" type="E" activity="1" lowerBound="1" upperBound="1" marginal="78"/>
           <constraint idx="2499" name="bilancio[50,50]" type="E" activity="-1" lowerBound="-1" upperBound="-1" marginal="-62"/>
           <constraint idx="2532" name="bilancio[51,33]" type="E" activity="1" lowerBound="1" upperBound="1" marginal="77"/>
           <constraint idx="2541" name="bilancio[51,42]" type="E" activity="1" lowerBound="1" upperBound="1" marginal="85"/>
           <constraint idx="2554" name="bilancio[52,5]" type="E" activity="1" lowerBound="1" upperBound="1" marginal="62"/>
           <constraint idx="2608" name="bilancio[53,9]" type="E" activity="-1" lowerBound="-1" upperBound="-1" marginal="-51"/>
           <constraint idx="2651" name="bilancio[54,2]" type="E" activity="-1" lowerBound="-1" upperBound="-1" marginal="-66"/>
           <constraint idx="2670" name="bilancio[54,21]" type="E" activity="1" lowerBound="1" upperBound="1" marginal="88"/>
           <constraint idx="2717" name="bilancio[55,18]" type="E" activity="-1" lowerBound="-1" upperBound="-1" marginal="-154"/>
           <constraint idx="2831" name="bilancio[57,32]" type="E" activity="-1" lowerBound="-1" upperBound="-1" marginal="-153"/>
           <constraint idx="2869" name="bilancio[58,20]" type="E" activity="-1" lowerBound="-1" upperBound="-1" marginal="-72"/>
           <constraint idx="2911" name="bilancio[59,12]" type="E" activity="1" lowerBound="1" upperBound="1" marginal="85"/>
           <constraint idx="2960" name="bilancio[60,11]" type="E" activity="1" lowerBound="1" upperBound="1" marginal="64"/>
           <constraint idx="2967" name="bilancio[60,18]" type="E" activity="1" lowerBound="1" upperBound="1" marginal="98"/>
           <constraint idx="2971" name="bilancio[60,22]" type="E" activity="1" lowerBound="1" upperBound="1" marginal="93"/>
           <constraint idx="3028" name="bilancio[61,29]" type="E" activity="-1" lowerBound="-1" upperBound="-1" marginal="-140"/>
           <constraint idx="3064" name="bilancio[62,15]" type="E" activity="-1" lowerBound="-1" upperBound="-1" marginal="-112"/>
           <constraint idx="3086" name="bilancio[62,37]" type="E" activity="-1" lowerBound="-1" upperBound="-1" marginal="-130"/>
           <constraint idx="3097" name="bilancio[62,48]" type="E" activity="1" lowerBound="1" upperBound="1" marginal="95"/>
           <constraint idx="3102" name="bilancio[63,3]" type="E" activity="-1" lowerBound="-1" upperBound="-1" marginal="-63"/>
           <constraint idx="3223" name="bilancio[65,24]" type="E" activity="1" lowerBound="1" upperBound="1" marginal="89"/>
           <constraint idx="3290" name="bilancio[66,41]" type="E" activity="1" lowerBound="1" upperBound="1" marginal="71"/>
           <constraint idx="3344" name="bilancio[67,45]" type="E" activity="1" lowerBound="1" upperBound="1" marginal="62"/>
           <constraint idx="3387" name="bilancio[68,38]" type="E" activity="1" lowerBound="1" upperBound="1" marginal="97"/>
           <constraint idx="3400" name="bilancio[69,1]" type="E" activity="-1" lowerBound="-1" upperBound="-1" marginal="-69"/>
           <constraint idx="3476" name="bilancio[70,27]" type="E" activity="1" lowerBound="1" upperBound="1" marginal="100"/>
           <constraint idx="3529" name="bilancio[71,30]" type="E" activity="-1" lowerBound="-1" upperBound="-1" marginal="-74"/>
           <constraint idx="3579" name="bilancio[72,30]" type="E" activity="1" lowerBound="1" upperBound="1" marginal="64"/>
           <constraint idx="3611" name="bilancio[73,12]" type="E" activity="-1" lowerBound="-1" upperBound="-1" marginal="-66"/>
           <constraint idx="3855" name="bilancio[78,6]" type="E" activity="1" lowerBound="1" upperBound="1" marginal="93"/>
           <constraint idx="3904" name="bilancio[79,5]" type="E" activity="-1" lowerBound="-1" upperBound="-1" marginal="-70"/>
           <constraint idx="3914" name="bilancio[79,15]" type="E" activity="1" lowerBound="1" upperBound="1" marginal="61"/>
           <constraint idx="4028" name="bilancio[81,29]" type="E" activity="1" lowerBound="1" upperBound="1" marginal="84"/>
           <constraint idx="4053" name="bilancio[82,4]" type="E" activity="-1" lowerBound="-1" upperBound="-1" marginal="-50"/>
           <constraint idx="4136" name="bilancio[83,37]" type="E" activity="1" lowerBound="1" upperBound="1" marginal="79"/>
           <constraint idx="4145" name="bilancio[83,46]" type="E" activity="1" lowerBound="1" upperBound="1" marginal="78"/>
           <constraint idx="4226" name="bilancio[85,27]" type="E" activity="-1" lowerBound="-1" upperBound="-1" marginal="-64"/>
           <constraint idx="4245" name="bilancio[85,46]" type="E" activity="-1" lowerBound="-1" upperBound="-1" marginal="-64"/>
           <constraint idx="4296" name="bilancio[86,47]" type="E" activity="1" lowerBound="1" upperBound="1" marginal="94"/>
           <constraint idx="4309" name="bilancio[87,10]" type="E" activity="-1" lowerBound="-1" upperBound="-1" marginal="-110"/>
           <constraint idx="4318" name="bilancio[87,19]" type="E" activity="-1" lowerBound="-1" upperBound="-1" marginal="-62"/>
           <constraint idx="4362" name="bilancio[88,13]" type="E" activity="1" lowerBound="1" upperBound="1" marginal="71"/>
           <constraint idx="4398" name="bilancio[88,49]" type="E" activity="-1" lowerBound="-1" upperBound="-1" marginal="-68"/>
           <constraint idx="4409" name="bilancio[89,10]" type="E" activity="1" lowerBound="1" upperBound="1" marginal="50"/>
           <constraint idx="4457" name="bilancio[90,8]" type="E" activity="1" lowerBound="1" upperBound="1" marginal="78"/>
           <constraint idx="4531" name="bilancio[91,32]" type="E" activity="1" lowerBound="1" upperBound="1" marginal="96"/>
           <constraint idx="4555" name="bilancio[92,6]" type="E" activity="-1" lowerBound="-1" upperBound="-1" marginal="-67"/>
           <constraint idx="4565" name="bilancio[92,16]" type="E" activity="-1" lowerBound="-1" upperBound="-1" marginal="-67"/>
           <constraint idx="4630" name="bilancio[93,31]" type="E" activity="-1" lowerBound="-1" upperBound="-1" marginal="-65"/>
           <constraint idx="4656" name="bilancio[94,7]" type="E" activity="-1" lowerBound="-1" upperBound="-1" marginal="-53"/>
           <constraint idx="4697" name="bilancio[94,48]" type="E" activity="-1" lowerBound="-1" upperBound="-1" marginal="-53"/>
           <constraint idx="4733" name="bilancio[95,34]" type="E" activity="-1" lowerBound="-1" upperBound="-1" marginal="-2578"/>
           <constraint idx="4740" name="bilancio[95,41]" type="E" activity="-1" lowerBound="-1" upperBound="-1" marginal="-74"/>
           <constraint idx="4762" name="bilancio[96,13]" type="E" activity="-1" lowerBound="-1" upperBound="-1" marginal="-62"/>
           <constraint idx="4789" name="bilancio[96,40]" type="E" activity="-1" lowerBound="-1" upperBound="-1" marginal="-62"/>
           <constraint idx="4816" name="bilancio[97,17]" type="E" activity="-1" lowerBound="-1" upperBound="-1" marginal="-66"/>
           <constraint idx="4846" name="bilancio[97,47]" type="E" activity="-1" lowerBound="-1" upperBound="-1" marginal="-66"/>
           <constraint idx="4857" name="bilancio[98,8]" type="E" activity="-1" lowerBound="-1" upperBound="-1" marginal="-56"/>
           <constraint idx="4888" name="bilancio[98,39]" type="E" activity="1" lowerBound="1" upperBound="1" marginal="97"/>
           <constraint idx="5000" name="lunghezza[1]" type="L" activity="1" lowerBound="-INF" upperBound="2" marginal="0"/>
           <constraint idx="5001" name="lunghezza[2]" type="L" activity="1" lowerBound="-INF" upperBound="2" marginal="0"/>
           <constraint idx="5002" name="lunghezza[3]" type="L" activity="1" lowerBound="-INF" upperBound="2" marginal="0"/>
           <constraint idx="5003" name="lunghezza[4]" type="L" activity="1" lowerBound="-INF" upperBound="2" marginal="0"/>
           <constraint idx="5004" name="lunghezza[5]" type="L" activity="1" lowerBound="-INF" upperBound="2" marginal="0"/>
           <constraint idx="5005" name="lunghezza[6]" type="L" activity="1" lowerBound="-INF" upperBound="2" marginal="0"/>
           <constraint idx="5006" name="lunghezza[7]" type="L" activity="1" lowerBound="-INF" upperBound="2" marginal="0"/>
           <constraint idx="5007" name="lunghezza[8]" type="L" activity="1" lowerBound="-INF" upperBound="2" marginal="0"/>
           <constraint idx="5008" name="lunghezza[9]" type="L" activity="1" lowerBound="-INF" upperBound="2" marginal="0"/>
           <constraint idx="5009" name="lunghezza[10]" type="L" activity="1" lowerBound="-INF" upperBound="2" marginal="0"/>
           <constraint idx="5010" name="lunghezza[11]" type="L" activity="1" lowerBound="-INF" upperBound="2" marginal="0"/>
           <constraint idx="5011" name="lunghezza[12]" type="L" activity="1" lowerBound="-INF" upperBound="2" marginal="0"/>
           <constraint idx="5012" name="lunghezza[13]" type="L" activity="1" lowerBound="-INF" upperBound="2" marginal="0"/>
           <constraint idx="5013" name="lunghezza[14]" type="L" activity="1" lowerBound="-INF" upperBound="2" marginal="0"/>
           <constraint idx="5014" name="lunghezza[15]" type="L" activity="1" lowerBound="-INF" upperBound="2" marginal="0"/>
           <constraint idx="5015" name="lunghezza[16]" type="L" activity="1" lowerBound="-INF" upperBound="2" marginal="0"/>
           <constraint idx="5016" name="lunghezza[17]" type="L" activity="1" lowerBound="-INF" upperBound="2" marginal="0"/>
           <constraint idx="5017" name="lunghezza[18]" type="L" activity="1" lowerBound="-INF" upperBound="2" marginal="0"/>
           <constraint idx="5018" name="lunghezza[19]" type="L" activity="1" lowerBound="-INF" upperBound="2" marginal="0"/>
           <constraint idx="5019" name="lunghezza[20]" type="L" activity="1" lowerBound="-INF" upperBound="2" marginal="0"/>
           <constraint idx="5020" name="lunghezza[21]" type="L" activity="1" lowerBound="-INF" upperBound="2" marginal="0"/>
           <constraint idx="5021" name="lunghezza[22]" type="L" activity="1" lowerBound="-INF" upperBound="2" marginal="0"/>
           <constraint idx="5022" name="lunghezza[23]" type="L" activity="1" lowerBound="-INF" upperBound="2" marginal="0"/>
           <constraint idx="5023" name="lunghezza[24]" type="L" activity="1" lowerBound="-INF" upperBound="2" marginal="0"/>
           <constraint idx="5024" name="lunghezza[25]" type="L" activity="1" lowerBound="-INF" upperBound="2" marginal="0"/>
           <constraint idx="5025" name="lunghezza[26]" type="L" activity="1" lowerBound="-INF" upperBound="2" marginal="0"/>
           <constraint idx="5026" name="lunghezza[27]" type="L" activity="1" lowerBound="-INF" upperBound="2" marginal="0"/>
           <constraint idx="5027" name="lunghezza[28]" type="L" activity="1" lowerBound="-INF" upperBound="2" marginal="0"/>
           <constraint idx="5028" name="lunghezza[29]" type="L" activity="1" lowerBound="-INF" upperBound="2" marginal="0"/>
           <constraint idx="5029" name="lunghezza[30]" type="L" activity="1" lowerBound="-INF" upperBound="2" marginal="0"/>
           <constraint idx="5030" name="lunghezza[31]" type="L" activity="1" lowerBound="-INF" upperBound="2" marginal="0"/>
           <constraint idx="5031" name="lunghezza[32]" type="L" activity="1" lowerBound="-INF" upperBound="2" marginal="0"/>
           <constraint idx="5032" name="lunghezza[33]" type="L" activity="1" lowerBound="-INF" upperBound="2" marginal="0"/>
           <constraint idx="5033" name="lunghezza[34]" type="L" activity="2" lowerBound="-INF" upperBound="2" marginal="-2444"/>
           <constraint idx="5034" name="lunghezza[35]" type="L" activity="2" lowerBound="-INF" upperBound="2" marginal="-1353"/>
           <constraint idx="5035" name="lunghezza[36]" type="L" activity="1" lowerBound="-INF" upperBound="2" marginal="0"/>
           <constraint idx="5036" name="lunghezza[37]" type="L" activity="1" lowerBound="-INF" upperBound="2" marginal="0"/>
           <constraint idx="5037" name="lunghezza[38]" type="L" activity="1" lowerBound="-INF" upperBound="2" marginal="0"/>
           <constraint idx="5038" name="lunghezza[39]" type="L" activity="1" lowerBound="-INF" upperBound="2" marginal="0"/>
           <constraint idx="5039" name="lunghezza[40]" type="L" activity="1" lowerBound="-INF" upperBound="2" marginal="0"/>
           <constraint idx="5040" name="lunghezza[41]" type="L" activity="1" lowerBound="-INF" upperBound="2" marginal="0"/>
           <constraint idx="5041" name="lunghezza[42]" type="L" activity="1" lowerBound="-INF" upperBound="2" marginal="0"/>
           <constraint idx="5042" name="lunghezza[43]" type="L" activity="1" lowerBound="-INF" upperBound="2" marginal="0"/>
           <constraint idx="5043" name="lunghezza[44]" type="L" activity="1" lowerBound="-INF" upperBound="2" marginal="0"/>
           <constraint idx="5044" name="lunghezza[45]" type="L" activity="1" lowerBound="-INF" upperBound="2" marginal="0"/>
           <constraint idx="5045" name="lunghezza[46]" type="L" activity="1" lowerBound="-INF" upperBound="2" marginal="0"/>
           <constraint idx="5046" name="lunghezza[47]" type="L" activity="1" lowerBound="-INF" upperBound="2" marginal="0"/>
           <constraint idx="5047" name="lunghezza[48]" type="L" activity="1" lowerBound="-INF" upperBound="2" marginal="0"/>
           <constraint idx="5048" name="lunghezza[49]" type="L" activity="1" lowerBound="-INF" upperBound="2" marginal="0"/>
           <constraint idx="5049" name="lunghezza[50]" type="L" activity="1" lowerBound="-INF" upperBound="2" marginal="0"/>
           <constraint idx="5187" name="unico[1,69,2]" type="L" activity="1" lowerBound="-INF" upperBound="1" marginal="-69"/>
           <constraint idx="5357" name="unico[2,54,2]" type="L" activity="1" lowerBound="-INF" upperBound="1" marginal="-66"/>
           <constraint idx="5575" name="unico[3,63,2]" type="L" activity="1" lowerBound="-INF" upperBound="1" marginal="-63"/>
           <constraint idx="5813" name="unico[4,82,2]" type="L" activity="1" lowerBound="-INF" upperBound="1" marginal="-50"/>
           <constraint idx="6007" name="unico[5,79,2]" type="L" activity="1" lowerBound="-INF" upperBound="1" marginal="-70"/>
           <constraint idx="6233" name="unico[6,92,2]" type="L" activity="1" lowerBound="-INF" upperBound="1" marginal="-67"/>
           <constraint idx="6437" name="unico[7,94,2]" type="L" activity="1" lowerBound="-INF" upperBound="1" marginal="-53"/>
           <constraint idx="6645" name="unico[8,98,2]" type="L" activity="1" lowerBound="-INF" upperBound="1" marginal="-56"/>
           <constraint idx="6755" name="unico[9,53,2]" type="L" activity="1" lowerBound="-INF" upperBound="1" marginal="-51"/>
           <constraint idx="7023" name="unico[10,87,2]" type="L" activity="1" lowerBound="-INF" upperBound="1" marginal="-110"/>
           <constraint idx="7101" name="unico[11,26,2]" type="L" activity="1" lowerBound="-INF" upperBound="1" marginal="-118"/>
           <constraint idx="7395" name="unico[12,73,2]" type="L" activity="1" lowerBound="-INF" upperBound="1" marginal="-66"/>
           <constraint idx="7641" name="unico[13,96,2]" type="L" activity="1" lowerBound="-INF" upperBound="1" marginal="-62"/>
           <constraint idx="7701" name="unico[14,26,2]" type="L" activity="1" lowerBound="-INF" upperBound="1" marginal="-54"/>
           <constraint idx="7973" name="unico[15,62,2]" type="L" activity="1" lowerBound="-INF" upperBound="1" marginal="-112"/>
           <constraint idx="8233" name="unico[16,92,2]" type="L" activity="1" lowerBound="-INF" upperBound="1" marginal="-67"/>
           <constraint idx="8443" name="unico[17,97,2]" type="L" activity="1" lowerBound="-INF" upperBound="1" marginal="-66"/>
           <constraint idx="8559" name="unico[18,55,2]" type="L" activity="1" lowerBound="-INF" upperBound="1" marginal="-154"/>
           <constraint idx="8823" name="unico[19,87,2]" type="L" activity="1" lowerBound="-INF" upperBound="1" marginal="-62"/>
           <constraint idx="8965" name="unico[20,58,2]" type="L" activity="1" lowerBound="-INF" upperBound="1" marginal="-72"/>
           <constraint idx="9051" name="unico[21,1,2]" type="L" activity="1" lowerBound="-INF" upperBound="1" marginal="-140"/>
           <constraint idx="9329" name="unico[22,40,2]" type="L" activity="1" lowerBound="-INF" upperBound="1" marginal="-148"/>
           <constraint idx="9499" name="unico[23,25,2]" type="L" activity="1" lowerBound="-INF" upperBound="1" marginal="-73"/>
           <constraint idx="9741" name="unico[24,46,2]" type="L" activity="1" lowerBound="-INF" upperBound="1" marginal="-66"/>
           <constraint idx="9873" name="unico[25,12,2]" type="L" activity="1" lowerBound="-INF" upperBound="1" marginal="-122"/>
           <constraint idx="10065" name="unico[26,8,2]" type="L" activity="1" lowerBound="-INF" upperBound="1" marginal="-133"/>
           <constraint idx="10419" name="unico[27,85,2]" type="L" activity="1" lowerBound="-INF" upperBound="1" marginal="-64"/>
           <constraint idx="10463" name="unico[28,7,2]" type="L" activity="1" lowerBound="-INF" upperBound="1" marginal="-55"/>
           <constraint idx="10771" name="unico[29,61,2]" type="L" activity="1" lowerBound="-INF" upperBound="1" marginal="-140"/>
           <constraint idx="10991" name="unico[30,71,2]" type="L" activity="1" lowerBound="-INF" upperBound="1" marginal="-74"/>
           <constraint idx="11235" name="unico[31,93,2]" type="L" activity="1" lowerBound="-INF" upperBound="1" marginal="-65"/>
           <constraint idx="11363" name="unico[32,57,2]" type="L" activity="1" lowerBound="-INF" upperBound="1" marginal="-153"/>
           <constraint idx="11499" name="unico[33,25,2]" type="L" activity="1" lowerBound="-INF" upperBound="1" marginal="-129"/>
           <constraint idx="11839" name="unico[34,95,2]" type="L" activity="1" lowerBound="-INF" upperBound="1" marginal="-58"/>
           <constraint idx="11849" name="unico[34,100,2]" type="L" activity="1" lowerBound="-INF" upperBound="1" marginal="0"/>
           <constraint idx="11923" name="unico[35,37,2]" type="L" activity="1" lowerBound="-INF" upperBound="1" marginal="-66"/>
           <constraint idx="12049" name="unico[35,100,2]" type="L" activity="1" lowerBound="-INF" upperBound="1" marginal="0"/>
           <constraint idx="12055" name="unico[36,3,2]" type="L" activity="1" lowerBound="-INF" upperBound="1" marginal="-103"/>
           <constraint idx="12373" name="unico[37,62,2]" type="L" activity="1" lowerBound="-INF" upperBound="1" marginal="-130"/>
           <constraint idx="12459" name="unico[38,5,2]" type="L" activity="1" lowerBound="-INF" upperBound="1" marginal="-152"/>
           <constraint idx="12709" name="unico[39,30,2]" type="L" activity="1" lowerBound="-INF" upperBound="1" marginal="-153"/>
           <constraint idx="13041" name="unico[40,96,2]" type="L" activity="1" lowerBound="-INF" upperBound="1" marginal="-62"/>
           <constraint idx="13239" name="unico[41,95,2]" type="L" activity="1" lowerBound="-INF" upperBound="1" marginal="-74"/>
           <constraint idx="13323" name="unico[42,37,2]" type="L" activity="1" lowerBound="-INF" upperBound="1" marginal="-151"/>
           <constraint idx="13491" name="unico[43,21,2]" type="L" activity="1" lowerBound="-INF" upperBound="1" marginal="-109"/>
           <constraint idx="13659" name="unico[44,5,2]" type="L" activity="1" lowerBound="-INF" upperBound="1" marginal="-140"/>
           <constraint idx="13871" name="unico[45,11,2]" type="L" activity="1" lowerBound="-INF" upperBound="1" marginal="-56"/>
           <constraint idx="14219" name="unico[46,85,2]" type="L" activity="1" lowerBound="-INF" upperBound="1" marginal="-64"/>
           <constraint idx="14443" name="unico[47,97,2]" type="L" activity="1" lowerBound="-INF" upperBound="1" marginal="-66"/>
           <constraint idx="14637" name="unico[48,94,2]" type="L" activity="1" lowerBound="-INF" upperBound="1" marginal="-53"/>
           <constraint idx="14825" name="unico[49,88,2]" type="L" activity="1" lowerBound="-INF" upperBound="1" marginal="-68"/>
           <constraint idx="14949" name="unico[50,50,2]" type="L" activity="1" lowerBound="-INF" upperBound="1" marginal="-62"/>
       </linearConstraints>
   </solution>
</CmplSolutions>
