<?xml version = "1.1" encoding="UTF-8" standalone="yes"?>
<CmplSolutions version="1.0">
   <general>
       <instanceName>inst_100_50_100_50_75_25_45$_01_12.cmpl</instanceName>
       <nrOfVariables>1000000</nrOfVariables>
       <nrOfConstraints>15050</nrOfConstraints>
       <objectiveName>cost</objectiveName>
       <objectiveSense>min</objectiveSense>
       <nrOfSolutions>1</nrOfSolutions>
       <solverName>GLPK</solverName>
       <variablesDisplayOptions>nonZeroVariables (all)</variablesDisplayOptions>
       <constraintsDisplayOptions>nonZeroConstraints (all)</constraintsDisplayOptions>
   </general>
   <solution idx="0" status="optimal" value="55498">
       <variables>
           <variable idx="13740" name="y[1,69,71,1]" type="I" activity="1" lowerBound="0" upperBound="1" marginal="NaN"/>
           <variable idx="14073" name="y[1,71,37,2]" type="I" activity="1" lowerBound="0" upperBound="1" marginal="NaN"/>
           <variable idx="24238" name="y[2,22,20,1]" type="I" activity="1" lowerBound="0" upperBound="1" marginal="NaN"/>
           <variable idx="28043" name="y[2,41,22,2]" type="I" activity="1" lowerBound="0" upperBound="1" marginal="NaN"/>
           <variable idx="28280" name="y[2,42,41,1]" type="I" activity="1" lowerBound="0" upperBound="1" marginal="NaN"/>
           <variable idx="30683" name="y[2,54,42,2]" type="I" activity="1" lowerBound="0" upperBound="1" marginal="NaN"/>
           <variable idx="52528" name="y[3,63,65,1]" type="I" activity="1" lowerBound="0" upperBound="1" marginal="NaN"/>
           <variable idx="52930" name="y[3,65,66,1]" type="I" activity="1" lowerBound="0" upperBound="1" marginal="NaN"/>
           <variable idx="53025" name="y[3,66,13,2]" type="I" activity="1" lowerBound="0" upperBound="1" marginal="NaN"/>
           <variable idx="76368" name="y[4,82,85,1]" type="I" activity="1" lowerBound="0" upperBound="1" marginal="NaN"/>
           <variable idx="76895" name="y[4,85,48,2]" type="I" activity="1" lowerBound="0" upperBound="1" marginal="NaN"/>
           <variable idx="90502" name="y[5,53,52,1]" type="I" activity="1" lowerBound="0" upperBound="1" marginal="NaN"/>
           <variable idx="91104" name="y[5,56,53,1]" type="I" activity="1" lowerBound="0" upperBound="1" marginal="NaN"/>
           <variable idx="95711" name="y[5,79,56,2]" type="I" activity="1" lowerBound="0" upperBound="1" marginal="NaN"/>
           <variable idx="118354" name="y[6,92,78,1]" type="I" activity="1" lowerBound="0" upperBound="1" marginal="NaN"/>
           <variable idx="121006" name="y[7,6,4,1]" type="I" activity="1" lowerBound="0" upperBound="1" marginal="NaN"/>
           <variable idx="128411" name="y[7,43,6,2]" type="I" activity="1" lowerBound="0" upperBound="1" marginal="NaN"/>
           <variable idx="135085" name="y[7,76,43,2]" type="I" activity="1" lowerBound="0" upperBound="1" marginal="NaN"/>
           <variable idx="135350" name="y[7,77,76,1]" type="I" activity="1" lowerBound="0" upperBound="1" marginal="NaN"/>
           <variable idx="138553" name="y[7,93,77,2]" type="I" activity="1" lowerBound="0" upperBound="1" marginal="NaN"/>
           <variable idx="138784" name="y[7,94,93,1]" type="I" activity="1" lowerBound="0" upperBound="1" marginal="NaN"/>
           <variable idx="159178" name="y[8,96,90,1]" type="I" activity="1" lowerBound="0" upperBound="1" marginal="NaN"/>
           <variable idx="159590" name="y[8,98,96,1]" type="I" activity="1" lowerBound="0" upperBound="1" marginal="NaN"/>
           <variable idx="165650" name="y[9,29,26,1]" type="I" activity="1" lowerBound="0" upperBound="1" marginal="NaN"/>
           <variable idx="170457" name="y[9,53,29,2]" type="I" activity="1" lowerBound="0" upperBound="1" marginal="NaN"/>
           <variable idx="197376" name="y[10,87,89,1]" type="I" activity="1" lowerBound="0" upperBound="1" marginal="NaN"/>
           <variable idx="205066" name="y[11,26,34,1]" type="I" activity="1" lowerBound="0" upperBound="1" marginal="NaN"/>
           <variable idx="206715" name="y[11,34,58,2]" type="I" activity="1" lowerBound="0" upperBound="1" marginal="NaN"/>
           <variable idx="211518" name="y[11,58,60,1]" type="I" activity="1" lowerBound="0" upperBound="1" marginal="NaN"/>
           <variable idx="233717" name="y[12,69,59,2]" type="I" activity="1" lowerBound="0" upperBound="1" marginal="NaN"/>
           <variable idx="234536" name="y[12,73,69,1]" type="I" activity="1" lowerBound="0" upperBound="1" marginal="NaN"/>
           <variable idx="259174" name="y[13,96,88,1]" type="I" activity="1" lowerBound="0" upperBound="1" marginal="NaN"/>
           <variable idx="264836" name="y[14,25,19,1]" type="I" activity="1" lowerBound="0" upperBound="1" marginal="NaN"/>
           <variable idx="265048" name="y[14,26,25,1]" type="I" activity="1" lowerBound="0" upperBound="1" marginal="NaN"/>
           <variable idx="292328" name="y[15,62,65,1]" type="I" activity="1" lowerBound="0" upperBound="1" marginal="NaN"/>
           <variable idx="292959" name="y[15,65,80,2]" type="I" activity="1" lowerBound="0" upperBound="1" marginal="NaN"/>
           <variable idx="295956" name="y[15,80,79,1]" type="I" activity="1" lowerBound="0" upperBound="1" marginal="NaN"/>
           <variable idx="315085" name="y[16,76,43,2]" type="I" activity="1" lowerBound="0" upperBound="1" marginal="NaN"/>
           <variable idx="315350" name="y[16,77,76,1]" type="I" activity="1" lowerBound="0" upperBound="1" marginal="NaN"/>
           <variable idx="318384" name="y[16,92,93,1]" type="I" activity="1" lowerBound="0" upperBound="1" marginal="NaN"/>
           <variable idx="318553" name="y[16,93,77,2]" type="I" activity="1" lowerBound="0" upperBound="1" marginal="NaN"/>
           <variable idx="320806" name="y[17,5,4,1]" type="I" activity="1" lowerBound="0" upperBound="1" marginal="NaN"/>
           <variable idx="329409" name="y[17,48,5,2]" type="I" activity="1" lowerBound="0" upperBound="1" marginal="NaN"/>
           <variable idx="329694" name="y[17,49,48,1]" type="I" activity="1" lowerBound="0" upperBound="1" marginal="NaN"/>
           <variable idx="339297" name="y[17,97,49,2]" type="I" activity="1" lowerBound="0" upperBound="1" marginal="NaN"/>
           <variable idx="350918" name="y[18,55,60,1]" type="I" activity="1" lowerBound="0" upperBound="1" marginal="NaN"/>
           <variable idx="362818" name="y[19,15,10,1]" type="I" activity="1" lowerBound="0" upperBound="1" marginal="NaN"/>
           <variable idx="376429" name="y[19,83,15,2]" type="I" activity="1" lowerBound="0" upperBound="1" marginal="NaN"/>
           <variable idx="377364" name="y[19,87,83,1]" type="I" activity="1" lowerBound="0" upperBound="1" marginal="NaN"/>
           <variable idx="384446" name="y[20,23,24,1]" type="I" activity="1" lowerBound="0" upperBound="1" marginal="NaN"/>
           <variable idx="391516" name="y[20,58,59,1]" type="I" activity="1" lowerBound="0" upperBound="1" marginal="NaN"/>
           <variable idx="391645" name="y[20,59,23,2]" type="I" activity="1" lowerBound="0" upperBound="1" marginal="NaN"/>
           <variable idx="400071" name="y[21,1,36,2]" type="I" activity="1" lowerBound="0" upperBound="1" marginal="NaN"/>
           <variable idx="407072" name="y[21,36,37,1]" type="I" activity="1" lowerBound="0" upperBound="1" marginal="NaN"/>
           <variable idx="407305" name="y[21,37,53,2]" type="I" activity="1" lowerBound="0" upperBound="1" marginal="NaN"/>
           <variable idx="410506" name="y[21,53,54,1]" type="I" activity="1" lowerBound="0" upperBound="1" marginal="NaN"/>
           <variable idx="427907" name="y[22,40,54,2]" type="I" activity="1" lowerBound="0" upperBound="1" marginal="NaN"/>
           <variable idx="430718" name="y[22,54,60,1]" type="I" activity="1" lowerBound="0" upperBound="1" marginal="NaN"/>
           <variable idx="444209" name="y[23,22,5,2]" type="I" activity="1" lowerBound="0" upperBound="1" marginal="NaN"/>
           <variable idx="444642" name="y[23,24,22,1]" type="I" activity="1" lowerBound="0" upperBound="1" marginal="NaN"/>
           <variable idx="444846" name="y[23,25,24,1]" type="I" activity="1" lowerBound="0" upperBound="1" marginal="NaN"/>
           <variable idx="469127" name="y[24,46,64,2]" type="I" activity="1" lowerBound="0" upperBound="1" marginal="NaN"/>
           <variable idx="472728" name="y[24,64,65,1]" type="I" activity="1" lowerBound="0" upperBound="1" marginal="NaN"/>
           <variable idx="482224" name="y[25,12,13,1]" type="I" activity="1" lowerBound="0" upperBound="1" marginal="NaN"/>
           <variable idx="482430" name="y[25,13,16,1]" type="I" activity="1" lowerBound="0" upperBound="1" marginal="NaN"/>
           <variable idx="501418" name="y[26,8,10,1]" type="I" activity="1" lowerBound="0" upperBound="1" marginal="NaN"/>
           <variable idx="501861" name="y[26,10,31,2]" type="I" activity="1" lowerBound="0" upperBound="1" marginal="NaN"/>
           <variable idx="506073" name="y[26,31,37,2]" type="I" activity="1" lowerBound="0" upperBound="1" marginal="NaN"/>
           <variable idx="507274" name="y[26,37,38,1]" type="I" activity="1" lowerBound="0" upperBound="1" marginal="NaN"/>
           <variable idx="534138" name="y[27,71,70,1]" type="I" activity="1" lowerBound="0" upperBound="1" marginal="NaN"/>
           <variable idx="536940" name="y[27,85,71,1]" type="I" activity="1" lowerBound="0" upperBound="1" marginal="NaN"/>
           <variable idx="541206" name="y[28,7,4,1]" type="I" activity="1" lowerBound="0" upperBound="1" marginal="NaN"/>
           <variable idx="571761" name="y[29,59,81,2]" type="I" activity="1" lowerBound="0" upperBound="1" marginal="NaN"/>
           <variable idx="572116" name="y[29,61,59,1]" type="I" activity="1" lowerBound="0" upperBound="1" marginal="NaN"/>
           <variable idx="594142" name="y[30,71,72,1]" type="I" activity="1" lowerBound="0" upperBound="1" marginal="NaN"/>
           <variable idx="608474" name="y[31,43,38,1]" type="I" activity="1" lowerBound="0" upperBound="1" marginal="NaN"/>
           <variable idx="615085" name="y[31,76,43,2]" type="I" activity="1" lowerBound="0" upperBound="1" marginal="NaN"/>
           <variable idx="615350" name="y[31,77,76,1]" type="I" activity="1" lowerBound="0" upperBound="1" marginal="NaN"/>
           <variable idx="618553" name="y[31,93,77,2]" type="I" activity="1" lowerBound="0" upperBound="1" marginal="NaN"/>
           <variable idx="631345" name="y[32,57,73,2]" type="I" activity="1" lowerBound="0" upperBound="1" marginal="NaN"/>
           <variable idx="634581" name="y[32,73,91,2]" type="I" activity="1" lowerBound="0" upperBound="1" marginal="NaN"/>
           <variable idx="644860" name="y[33,25,31,1]" type="I" activity="1" lowerBound="0" upperBound="1" marginal="NaN"/>
           <variable idx="646073" name="y[33,31,37,2]" type="I" activity="1" lowerBound="0" upperBound="1" marginal="NaN"/>
           <variable idx="647305" name="y[33,37,53,2]" type="I" activity="1" lowerBound="0" upperBound="1" marginal="NaN"/>
           <variable idx="650500" name="y[33,53,51,1]" type="I" activity="1" lowerBound="0" upperBound="1" marginal="NaN"/>
           <variable idx="668476" name="y[34,43,39,1]" type="I" activity="1" lowerBound="0" upperBound="1" marginal="NaN"/>
           <variable idx="675085" name="y[34,76,43,2]" type="I" activity="1" lowerBound="0" upperBound="1" marginal="NaN"/>
           <variable idx="675350" name="y[34,77,76,1]" type="I" activity="1" lowerBound="0" upperBound="1" marginal="NaN"/>
           <variable idx="678553" name="y[34,93,77,2]" type="I" activity="1" lowerBound="0" upperBound="1" marginal="NaN"/>
           <variable idx="678984" name="y[34,95,93,1]" type="I" activity="1" lowerBound="0" upperBound="1" marginal="NaN"/>
           <variable idx="687203" name="y[35,37,2,2]" type="I" activity="1" lowerBound="0" upperBound="1" marginal="NaN"/>
           <variable idx="700424" name="y[36,3,13,1]" type="I" activity="1" lowerBound="0" upperBound="1" marginal="NaN"/>
           <variable idx="732328" name="y[37,62,65,1]" type="I" activity="1" lowerBound="0" upperBound="1" marginal="NaN"/>
           <variable idx="732959" name="y[37,65,80,2]" type="I" activity="1" lowerBound="0" upperBound="1" marginal="NaN"/>
           <variable idx="735964" name="y[37,80,83,1]" type="I" activity="1" lowerBound="0" upperBound="1" marginal="NaN"/>
           <variable idx="740816" name="y[38,5,9,1]" type="I" activity="1" lowerBound="0" upperBound="1" marginal="NaN"/>
           <variable idx="741735" name="y[38,9,68,2]" type="I" activity="1" lowerBound="0" upperBound="1" marginal="NaN"/>
           <variable idx="765860" name="y[39,30,31,1]" type="I" activity="1" lowerBound="0" upperBound="1" marginal="NaN"/>
           <variable idx="766073" name="y[39,31,37,2]" type="I" activity="1" lowerBound="0" upperBound="1" marginal="NaN"/>
           <variable idx="767282" name="y[39,37,42,1]" type="I" activity="1" lowerBound="0" upperBound="1" marginal="NaN"/>
           <variable idx="768393" name="y[39,42,97,2]" type="I" activity="1" lowerBound="0" upperBound="1" marginal="NaN"/>
           <variable idx="779394" name="y[39,97,98,1]" type="I" activity="1" lowerBound="0" upperBound="1" marginal="NaN"/>
           <variable idx="799192" name="y[40,96,97,1]" type="I" activity="1" lowerBound="0" upperBound="1" marginal="NaN"/>
           <variable idx="799257" name="y[40,97,29,2]" type="I" activity="1" lowerBound="0" upperBound="1" marginal="NaN"/>
           <variable idx="813530" name="y[41,68,66,1]" type="I" activity="1" lowerBound="0" upperBound="1" marginal="NaN"/>
           <variable idx="814134" name="y[41,71,68,1]" type="I" activity="1" lowerBound="0" upperBound="1" marginal="NaN"/>
           <variable idx="818341" name="y[41,92,71,2]" type="I" activity="1" lowerBound="0" upperBound="1" marginal="NaN"/>
           <variable idx="818982" name="y[41,95,92,1]" type="I" activity="1" lowerBound="0" upperBound="1" marginal="NaN"/>
           <variable idx="827305" name="y[42,37,53,2]" type="I" activity="1" lowerBound="0" upperBound="1" marginal="NaN"/>
           <variable idx="830500" name="y[42,53,51,1]" type="I" activity="1" lowerBound="0" upperBound="1" marginal="NaN"/>
           <variable idx="844042" name="y[43,21,22,1]" type="I" activity="1" lowerBound="0" upperBound="1" marginal="NaN"/>
           <variable idx="844295" name="y[43,22,48,2]" type="I" activity="1" lowerBound="0" upperBound="1" marginal="NaN"/>
           <variable idx="849496" name="y[43,48,49,1]" type="I" activity="1" lowerBound="0" upperBound="1" marginal="NaN"/>
           <variable idx="860820" name="y[44,5,11,1]" type="I" activity="1" lowerBound="0" upperBound="1" marginal="NaN"/>
           <variable idx="881735" name="y[45,9,68,2]" type="I" activity="1" lowerBound="0" upperBound="1" marginal="NaN"/>
           <variable idx="882016" name="y[45,11,9,1]" type="I" activity="1" lowerBound="0" upperBound="1" marginal="NaN"/>
           <variable idx="893532" name="y[45,68,67,1]" type="I" activity="1" lowerBound="0" upperBound="1" marginal="NaN"/>
           <variable idx="916964" name="y[46,85,83,1]" type="I" activity="1" lowerBound="0" upperBound="1" marginal="NaN"/>
           <variable idx="939170" name="y[47,96,86,1]" type="I" activity="1" lowerBound="0" upperBound="1" marginal="NaN"/>
           <variable idx="939390" name="y[47,97,96,1]" type="I" activity="1" lowerBound="0" upperBound="1" marginal="NaN"/>
           <variable idx="952722" name="y[48,64,62,1]" type="I" activity="1" lowerBound="0" upperBound="1" marginal="NaN"/>
           <variable idx="955527" name="y[48,78,64,2]" type="I" activity="1" lowerBound="0" upperBound="1" marginal="NaN"/>
           <variable idx="955754" name="y[48,79,78,1]" type="I" activity="1" lowerBound="0" upperBound="1" marginal="NaN"/>
           <variable idx="958757" name="y[48,94,79,2]" type="I" activity="1" lowerBound="0" upperBound="1" marginal="NaN"/>
           <variable idx="975483" name="y[49,78,42,2]" type="I" activity="1" lowerBound="0" upperBound="1" marginal="NaN"/>
           <variable idx="976554" name="y[49,83,78,1]" type="I" activity="1" lowerBound="0" upperBound="1" marginal="NaN"/>
           <variable idx="977364" name="y[49,87,83,1]" type="I" activity="1" lowerBound="0" upperBound="1" marginal="NaN"/>
           <variable idx="977572" name="y[49,88,87,1]" type="I" activity="1" lowerBound="0" upperBound="1" marginal="NaN"/>
           <variable idx="989896" name="y[50,50,49,1]" type="I" activity="1" lowerBound="0" upperBound="1" marginal="NaN"/>
       </variables>
       <linearConstraints> 
           <constraint idx="20" name="bilancio[1,21]" type="E" activity="-1" lowerBound="-1" upperBound="-1" marginal="NaN"/>
           <constraint idx="84" name="bilancio[2,35]" type="E" activity="1" lowerBound="1" upperBound="1" marginal="NaN"/>
           <constraint idx="135" name="bilancio[3,36]" type="E" activity="-1" lowerBound="-1" upperBound="-1" marginal="NaN"/>
           <constraint idx="156" name="bilancio[4,7]" type="E" activity="1" lowerBound="1" upperBound="1" marginal="NaN"/>
           <constraint idx="166" name="bilancio[4,17]" type="E" activity="1" lowerBound="1" upperBound="1" marginal="NaN"/>
           <constraint idx="177" name="bilancio[4,28]" type="E" activity="1" lowerBound="1" upperBound="1" marginal="NaN"/>
           <constraint idx="222" name="bilancio[5,23]" type="E" activity="1" lowerBound="1" upperBound="1" marginal="NaN"/>
           <constraint idx="237" name="bilancio[5,38]" type="E" activity="-1" lowerBound="-1" upperBound="-1" marginal="NaN"/>
           <constraint idx="243" name="bilancio[5,44]" type="E" activity="-1" lowerBound="-1" upperBound="-1" marginal="NaN"/>
           <constraint idx="327" name="bilancio[7,28]" type="E" activity="-1" lowerBound="-1" upperBound="-1" marginal="NaN"/>
           <constraint idx="375" name="bilancio[8,26]" type="E" activity="-1" lowerBound="-1" upperBound="-1" marginal="NaN"/>
           <constraint idx="468" name="bilancio[10,19]" type="E" activity="1" lowerBound="1" upperBound="1" marginal="NaN"/>
           <constraint idx="543" name="bilancio[11,44]" type="E" activity="1" lowerBound="1" upperBound="1" marginal="NaN"/>
           <constraint idx="544" name="bilancio[11,45]" type="E" activity="-1" lowerBound="-1" upperBound="-1" marginal="NaN"/>
           <constraint idx="574" name="bilancio[12,25]" type="E" activity="-1" lowerBound="-1" upperBound="-1" marginal="NaN"/>
           <constraint idx="602" name="bilancio[13,3]" type="E" activity="1" lowerBound="1" upperBound="1" marginal="NaN"/>
           <constraint idx="635" name="bilancio[13,36]" type="E" activity="1" lowerBound="1" upperBound="1" marginal="NaN"/>
           <constraint idx="774" name="bilancio[16,25]" type="E" activity="1" lowerBound="1" upperBound="1" marginal="NaN"/>
           <constraint idx="913" name="bilancio[19,14]" type="E" activity="1" lowerBound="1" upperBound="1" marginal="NaN"/>
           <constraint idx="951" name="bilancio[20,2]" type="E" activity="1" lowerBound="1" upperBound="1" marginal="NaN"/>
           <constraint idx="1042" name="bilancio[21,43]" type="E" activity="-1" lowerBound="-1" upperBound="-1" marginal="NaN"/>
           <constraint idx="1169" name="bilancio[24,20]" type="E" activity="1" lowerBound="1" upperBound="1" marginal="NaN"/>
           <constraint idx="1222" name="bilancio[25,23]" type="E" activity="-1" lowerBound="-1" upperBound="-1" marginal="NaN"/>
           <constraint idx="1232" name="bilancio[25,33]" type="E" activity="-1" lowerBound="-1" upperBound="-1" marginal="NaN"/>
           <constraint idx="1258" name="bilancio[26,9]" type="E" activity="1" lowerBound="1" upperBound="1" marginal="NaN"/>
           <constraint idx="1260" name="bilancio[26,11]" type="E" activity="-1" lowerBound="-1" upperBound="-1" marginal="NaN"/>
           <constraint idx="1263" name="bilancio[26,14]" type="E" activity="-1" lowerBound="-1" upperBound="-1" marginal="NaN"/>
           <constraint idx="1439" name="bilancio[29,40]" type="E" activity="1" lowerBound="1" upperBound="1" marginal="NaN"/>
           <constraint idx="1488" name="bilancio[30,39]" type="E" activity="-1" lowerBound="-1" upperBound="-1" marginal="NaN"/>
           <constraint idx="1800" name="bilancio[37,1]" type="E" activity="1" lowerBound="1" upperBound="1" marginal="NaN"/>
           <constraint idx="1834" name="bilancio[37,35]" type="E" activity="-1" lowerBound="-1" upperBound="-1" marginal="NaN"/>
           <constraint idx="1841" name="bilancio[37,42]" type="E" activity="-1" lowerBound="-1" upperBound="-1" marginal="NaN"/>
           <constraint idx="1875" name="bilancio[38,26]" type="E" activity="1" lowerBound="1" upperBound="1" marginal="NaN"/>
           <constraint idx="1880" name="bilancio[38,31]" type="E" activity="1" lowerBound="1" upperBound="1" marginal="NaN"/>
           <constraint idx="1933" name="bilancio[39,34]" type="E" activity="1" lowerBound="1" upperBound="1" marginal="NaN"/>
           <constraint idx="1971" name="bilancio[40,22]" type="E" activity="-1" lowerBound="-1" upperBound="-1" marginal="NaN"/>
           <constraint idx="2098" name="bilancio[42,49]" type="E" activity="1" lowerBound="1" upperBound="1" marginal="NaN"/>
           <constraint idx="2115" name="bilancio[43,16]" type="E" activity="1" lowerBound="1" upperBound="1" marginal="NaN"/>
           <constraint idx="2273" name="bilancio[46,24]" type="E" activity="-1" lowerBound="-1" upperBound="-1" marginal="NaN"/>
           <constraint idx="2353" name="bilancio[48,4]" type="E" activity="1" lowerBound="1" upperBound="1" marginal="NaN"/>
           <constraint idx="2442" name="bilancio[49,43]" type="E" activity="1" lowerBound="1" upperBound="1" marginal="NaN"/>
           <constraint idx="2449" name="bilancio[49,50]" type="E" activity="1" lowerBound="1" upperBound="1" marginal="NaN"/>
           <constraint idx="2499" name="bilancio[50,50]" type="E" activity="-1" lowerBound="-1" upperBound="-1" marginal="NaN"/>
           <constraint idx="2532" name="bilancio[51,33]" type="E" activity="1" lowerBound="1" upperBound="1" marginal="NaN"/>
           <constraint idx="2541" name="bilancio[51,42]" type="E" activity="1" lowerBound="1" upperBound="1" marginal="NaN"/>
           <constraint idx="2554" name="bilancio[52,5]" type="E" activity="1" lowerBound="1" upperBound="1" marginal="NaN"/>
           <constraint idx="2608" name="bilancio[53,9]" type="E" activity="-1" lowerBound="-1" upperBound="-1" marginal="NaN"/>
           <constraint idx="2651" name="bilancio[54,2]" type="E" activity="-1" lowerBound="-1" upperBound="-1" marginal="NaN"/>
           <constraint idx="2670" name="bilancio[54,21]" type="E" activity="1" lowerBound="1" upperBound="1" marginal="NaN"/>
           <constraint idx="2717" name="bilancio[55,18]" type="E" activity="-1" lowerBound="-1" upperBound="-1" marginal="NaN"/>
           <constraint idx="2831" name="bilancio[57,32]" type="E" activity="-1" lowerBound="-1" upperBound="-1" marginal="NaN"/>
           <constraint idx="2869" name="bilancio[58,20]" type="E" activity="-1" lowerBound="-1" upperBound="-1" marginal="NaN"/>
           <constraint idx="2911" name="bilancio[59,12]" type="E" activity="1" lowerBound="1" upperBound="1" marginal="NaN"/>
           <constraint idx="2960" name="bilancio[60,11]" type="E" activity="1" lowerBound="1" upperBound="1" marginal="NaN"/>
           <constraint idx="2967" name="bilancio[60,18]" type="E" activity="1" lowerBound="1" upperBound="1" marginal="NaN"/>
           <constraint idx="2971" name="bilancio[60,22]" type="E" activity="1" lowerBound="1" upperBound="1" marginal="NaN"/>
           <constraint idx="3028" name="bilancio[61,29]" type="E" activity="-1" lowerBound="-1" upperBound="-1" marginal="NaN"/>
           <constraint idx="3064" name="bilancio[62,15]" type="E" activity="-1" lowerBound="-1" upperBound="-1" marginal="NaN"/>
           <constraint idx="3086" name="bilancio[62,37]" type="E" activity="-1" lowerBound="-1" upperBound="-1" marginal="NaN"/>
           <constraint idx="3097" name="bilancio[62,48]" type="E" activity="1" lowerBound="1" upperBound="1" marginal="NaN"/>
           <constraint idx="3102" name="bilancio[63,3]" type="E" activity="-1" lowerBound="-1" upperBound="-1" marginal="NaN"/>
           <constraint idx="3223" name="bilancio[65,24]" type="E" activity="1" lowerBound="1" upperBound="1" marginal="NaN"/>
           <constraint idx="3290" name="bilancio[66,41]" type="E" activity="1" lowerBound="1" upperBound="1" marginal="NaN"/>
           <constraint idx="3344" name="bilancio[67,45]" type="E" activity="1" lowerBound="1" upperBound="1" marginal="NaN"/>
           <constraint idx="3387" name="bilancio[68,38]" type="E" activity="1" lowerBound="1" upperBound="1" marginal="NaN"/>
           <constraint idx="3400" name="bilancio[69,1]" type="E" activity="-1" lowerBound="-1" upperBound="-1" marginal="NaN"/>
           <constraint idx="3476" name="bilancio[70,27]" type="E" activity="1" lowerBound="1" upperBound="1" marginal="NaN"/>
           <constraint idx="3529" name="bilancio[71,30]" type="E" activity="-1" lowerBound="-1" upperBound="-1" marginal="NaN"/>
           <constraint idx="3579" name="bilancio[72,30]" type="E" activity="1" lowerBound="1" upperBound="1" marginal="NaN"/>
           <constraint idx="3611" name="bilancio[73,12]" type="E" activity="-1" lowerBound="-1" upperBound="-1" marginal="NaN"/>
           <constraint idx="3855" name="bilancio[78,6]" type="E" activity="1" lowerBound="1" upperBound="1" marginal="NaN"/>
           <constraint idx="3904" name="bilancio[79,5]" type="E" activity="-1" lowerBound="-1" upperBound="-1" marginal="NaN"/>
           <constraint idx="3914" name="bilancio[79,15]" type="E" activity="1" lowerBound="1" upperBound="1" marginal="NaN"/>
           <constraint idx="4028" name="bilancio[81,29]" type="E" activity="1" lowerBound="1" upperBound="1" marginal="NaN"/>
           <constraint idx="4053" name="bilancio[82,4]" type="E" activity="-1" lowerBound="-1" upperBound="-1" marginal="NaN"/>
           <constraint idx="4136" name="bilancio[83,37]" type="E" activity="1" lowerBound="1" upperBound="1" marginal="NaN"/>
           <constraint idx="4145" name="bilancio[83,46]" type="E" activity="1" lowerBound="1" upperBound="1" marginal="NaN"/>
           <constraint idx="4226" name="bilancio[85,27]" type="E" activity="-1" lowerBound="-1" upperBound="-1" marginal="NaN"/>
           <constraint idx="4245" name="bilancio[85,46]" type="E" activity="-1" lowerBound="-1" upperBound="-1" marginal="NaN"/>
           <constraint idx="4296" name="bilancio[86,47]" type="E" activity="1" lowerBound="1" upperBound="1" marginal="NaN"/>
           <constraint idx="4309" name="bilancio[87,10]" type="E" activity="-1" lowerBound="-1" upperBound="-1" marginal="NaN"/>
           <constraint idx="4318" name="bilancio[87,19]" type="E" activity="-1" lowerBound="-1" upperBound="-1" marginal="NaN"/>
           <constraint idx="4362" name="bilancio[88,13]" type="E" activity="1" lowerBound="1" upperBound="1" marginal="NaN"/>
           <constraint idx="4398" name="bilancio[88,49]" type="E" activity="-1" lowerBound="-1" upperBound="-1" marginal="NaN"/>
           <constraint idx="4409" name="bilancio[89,10]" type="E" activity="1" lowerBound="1" upperBound="1" marginal="NaN"/>
           <constraint idx="4457" name="bilancio[90,8]" type="E" activity="1" lowerBound="1" upperBound="1" marginal="NaN"/>
           <constraint idx="4531" name="bilancio[91,32]" type="E" activity="1" lowerBound="1" upperBound="1" marginal="NaN"/>
           <constraint idx="4555" name="bilancio[92,6]" type="E" activity="-1" lowerBound="-1" upperBound="-1" marginal="NaN"/>
           <constraint idx="4565" name="bilancio[92,16]" type="E" activity="-1" lowerBound="-1" upperBound="-1" marginal="NaN"/>
           <constraint idx="4630" name="bilancio[93,31]" type="E" activity="-1" lowerBound="-1" upperBound="-1" marginal="NaN"/>
           <constraint idx="4656" name="bilancio[94,7]" type="E" activity="-1" lowerBound="-1" upperBound="-1" marginal="NaN"/>
           <constraint idx="4697" name="bilancio[94,48]" type="E" activity="-1" lowerBound="-1" upperBound="-1" marginal="NaN"/>
           <constraint idx="4733" name="bilancio[95,34]" type="E" activity="-1" lowerBound="-1" upperBound="-1" marginal="NaN"/>
           <constraint idx="4740" name="bilancio[95,41]" type="E" activity="-1" lowerBound="-1" upperBound="-1" marginal="NaN"/>
           <constraint idx="4762" name="bilancio[96,13]" type="E" activity="-1" lowerBound="-1" upperBound="-1" marginal="NaN"/>
           <constraint idx="4789" name="bilancio[96,40]" type="E" activity="-1" lowerBound="-1" upperBound="-1" marginal="NaN"/>
           <constraint idx="4816" name="bilancio[97,17]" type="E" activity="-1" lowerBound="-1" upperBound="-1" marginal="NaN"/>
           <constraint idx="4846" name="bilancio[97,47]" type="E" activity="-1" lowerBound="-1" upperBound="-1" marginal="NaN"/>
           <constraint idx="4857" name="bilancio[98,8]" type="E" activity="-1" lowerBound="-1" upperBound="-1" marginal="NaN"/>
           <constraint idx="4888" name="bilancio[98,39]" type="E" activity="1" lowerBound="1" upperBound="1" marginal="NaN"/>
           <constraint idx="5000" name="lunghezza[1]" type="L" activity="2" lowerBound="-INF" upperBound="12" marginal="NaN"/>
           <constraint idx="5001" name="lunghezza[2]" type="L" activity="4" lowerBound="-INF" upperBound="12" marginal="NaN"/>
           <constraint idx="5002" name="lunghezza[3]" type="L" activity="3" lowerBound="-INF" upperBound="12" marginal="NaN"/>
           <constraint idx="5003" name="lunghezza[4]" type="L" activity="2" lowerBound="-INF" upperBound="12" marginal="NaN"/>
           <constraint idx="5004" name="lunghezza[5]" type="L" activity="3" lowerBound="-INF" upperBound="12" marginal="NaN"/>
           <constraint idx="5005" name="lunghezza[6]" type="L" activity="1" lowerBound="-INF" upperBound="12" marginal="NaN"/>
           <constraint idx="5006" name="lunghezza[7]" type="L" activity="6" lowerBound="-INF" upperBound="12" marginal="NaN"/>
           <constraint idx="5007" name="lunghezza[8]" type="L" activity="2" lowerBound="-INF" upperBound="12" marginal="NaN"/>
           <constraint idx="5008" name="lunghezza[9]" type="L" activity="2" lowerBound="-INF" upperBound="12" marginal="NaN"/>
           <constraint idx="5009" name="lunghezza[10]" type="L" activity="1" lowerBound="-INF" upperBound="12" marginal="NaN"/>
           <constraint idx="5010" name="lunghezza[11]" type="L" activity="3" lowerBound="-INF" upperBound="12" marginal="NaN"/>
           <constraint idx="5011" name="lunghezza[12]" type="L" activity="2" lowerBound="-INF" upperBound="12" marginal="NaN"/>
           <constraint idx="5012" name="lunghezza[13]" type="L" activity="1" lowerBound="-INF" upperBound="12" marginal="NaN"/>
           <constraint idx="5013" name="lunghezza[14]" type="L" activity="2" lowerBound="-INF" upperBound="12" marginal="NaN"/>
           <constraint idx="5014" name="lunghezza[15]" type="L" activity="3" lowerBound="-INF" upperBound="12" marginal="NaN"/>
           <constraint idx="5015" name="lunghezza[16]" type="L" activity="4" lowerBound="-INF" upperBound="12" marginal="NaN"/>
           <constraint idx="5016" name="lunghezza[17]" type="L" activity="4" lowerBound="-INF" upperBound="12" marginal="NaN"/>
           <constraint idx="5017" name="lunghezza[18]" type="L" activity="1" lowerBound="-INF" upperBound="12" marginal="NaN"/>
           <constraint idx="5018" name="lunghezza[19]" type="L" activity="3" lowerBound="-INF" upperBound="12" marginal="NaN"/>
           <constraint idx="5019" name="lunghezza[20]" type="L" activity="3" lowerBound="-INF" upperBound="12" marginal="NaN"/>
           <constraint idx="5020" name="lunghezza[21]" type="L" activity="4" lowerBound="-INF" upperBound="12" marginal="NaN"/>
           <constraint idx="5021" name="lunghezza[22]" type="L" activity="2" lowerBound="-INF" upperBound="12" marginal="NaN"/>
           <constraint idx="5022" name="lunghezza[23]" type="L" activity="3" lowerBound="-INF" upperBound="12" marginal="NaN"/>
           <constraint idx="5023" name="lunghezza[24]" type="L" activity="2" lowerBound="-INF" upperBound="12" marginal="NaN"/>
           <constraint idx="5024" name="lunghezza[25]" type="L" activity="2" lowerBound="-INF" upperBound="12" marginal="NaN"/>
           <constraint idx="5025" name="lunghezza[26]" type="L" activity="4" lowerBound="-INF" upperBound="12" marginal="NaN"/>
           <constraint idx="5026" name="lunghezza[27]" type="L" activity="2" lowerBound="-INF" upperBound="12" marginal="NaN"/>
           <constraint idx="5027" name="lunghezza[28]" type="L" activity="1" lowerBound="-INF" upperBound="12" marginal="NaN"/>
           <constraint idx="5028" name="lunghezza[29]" type="L" activity="2" lowerBound="-INF" upperBound="12" marginal="NaN"/>
           <constraint idx="5029" name="lunghezza[30]" type="L" activity="1" lowerBound="-INF" upperBound="12" marginal="NaN"/>
           <constraint idx="5030" name="lunghezza[31]" type="L" activity="4" lowerBound="-INF" upperBound="12" marginal="NaN"/>
           <constraint idx="5031" name="lunghezza[32]" type="L" activity="2" lowerBound="-INF" upperBound="12" marginal="NaN"/>
           <constraint idx="5032" name="lunghezza[33]" type="L" activity="4" lowerBound="-INF" upperBound="12" marginal="NaN"/>
           <constraint idx="5033" name="lunghezza[34]" type="L" activity="5" lowerBound="-INF" upperBound="12" marginal="NaN"/>
           <constraint idx="5034" name="lunghezza[35]" type="L" activity="1" lowerBound="-INF" upperBound="12" marginal="NaN"/>
           <constraint idx="5035" name="lunghezza[36]" type="L" activity="1" lowerBound="-INF" upperBound="12" marginal="NaN"/>
           <constraint idx="5036" name="lunghezza[37]" type="L" activity="3" lowerBound="-INF" upperBound="12" marginal="NaN"/>
           <constraint idx="5037" name="lunghezza[38]" type="L" activity="2" lowerBound="-INF" upperBound="12" marginal="NaN"/>
           <constraint idx="5038" name="lunghezza[39]" type="L" activity="5" lowerBound="-INF" upperBound="12" marginal="NaN"/>
           <constraint idx="5039" name="lunghezza[40]" type="L" activity="2" lowerBound="-INF" upperBound="12" marginal="NaN"/>
           <constraint idx="5040" name="lunghezza[41]" type="L" activity="4" lowerBound="-INF" upperBound="12" marginal="NaN"/>
           <constraint idx="5041" name="lunghezza[42]" type="L" activity="2" lowerBound="-INF" upperBound="12" marginal="NaN"/>
           <constraint idx="5042" name="lunghezza[43]" type="L" activity="3" lowerBound="-INF" upperBound="12" marginal="NaN"/>
           <constraint idx="5043" name="lunghezza[44]" type="L" activity="1" lowerBound="-INF" upperBound="12" marginal="NaN"/>
           <constraint idx="5044" name="lunghezza[45]" type="L" activity="3" lowerBound="-INF" upperBound="12" marginal="NaN"/>
           <constraint idx="5045" name="lunghezza[46]" type="L" activity="1" lowerBound="-INF" upperBound="12" marginal="NaN"/>
           <constraint idx="5046" name="lunghezza[47]" type="L" activity="2" lowerBound="-INF" upperBound="12" marginal="NaN"/>
           <constraint idx="5047" name="lunghezza[48]" type="L" activity="4" lowerBound="-INF" upperBound="12" marginal="NaN"/>
           <constraint idx="5048" name="lunghezza[49]" type="L" activity="4" lowerBound="-INF" upperBound="12" marginal="NaN"/>
           <constraint idx="5049" name="lunghezza[50]" type="L" activity="1" lowerBound="-INF" upperBound="12" marginal="NaN"/>
           <constraint idx="5186" name="unico[1,69,1]" type="L" activity="1" lowerBound="-INF" upperBound="1" marginal="NaN"/>
           <constraint idx="5191" name="unico[1,71,2]" type="L" activity="1" lowerBound="-INF" upperBound="1" marginal="NaN"/>
           <constraint idx="5292" name="unico[2,22,1]" type="L" activity="1" lowerBound="-INF" upperBound="1" marginal="NaN"/>
           <constraint idx="5331" name="unico[2,41,2]" type="L" activity="1" lowerBound="-INF" upperBound="1" marginal="NaN"/>
           <constraint idx="5332" name="unico[2,42,1]" type="L" activity="1" lowerBound="-INF" upperBound="1" marginal="NaN"/>
           <constraint idx="5357" name="unico[2,54,2]" type="L" activity="1" lowerBound="-INF" upperBound="1" marginal="NaN"/>
           <constraint idx="5574" name="unico[3,63,1]" type="L" activity="1" lowerBound="-INF" upperBound="1" marginal="NaN"/>
           <constraint idx="5578" name="unico[3,65,1]" type="L" activity="1" lowerBound="-INF" upperBound="1" marginal="NaN"/>
           <constraint idx="5581" name="unico[3,66,2]" type="L" activity="1" lowerBound="-INF" upperBound="1" marginal="NaN"/>
           <constraint idx="5812" name="unico[4,82,1]" type="L" activity="1" lowerBound="-INF" upperBound="1" marginal="NaN"/>
           <constraint idx="5819" name="unico[4,85,2]" type="L" activity="1" lowerBound="-INF" upperBound="1" marginal="NaN"/>
           <constraint idx="5954" name="unico[5,53,1]" type="L" activity="1" lowerBound="-INF" upperBound="1" marginal="NaN"/>
           <constraint idx="5960" name="unico[5,56,1]" type="L" activity="1" lowerBound="-INF" upperBound="1" marginal="NaN"/>
           <constraint idx="6007" name="unico[5,79,2]" type="L" activity="1" lowerBound="-INF" upperBound="1" marginal="NaN"/>
           <constraint idx="6232" name="unico[6,92,1]" type="L" activity="1" lowerBound="-INF" upperBound="1" marginal="NaN"/>
           <constraint idx="6260" name="unico[7,6,1]" type="L" activity="1" lowerBound="-INF" upperBound="1" marginal="NaN"/>
           <constraint idx="6335" name="unico[7,43,2]" type="L" activity="1" lowerBound="-INF" upperBound="1" marginal="NaN"/>
           <constraint idx="6401" name="unico[7,76,2]" type="L" activity="1" lowerBound="-INF" upperBound="1" marginal="NaN"/>
           <constraint idx="6402" name="unico[7,77,1]" type="L" activity="1" lowerBound="-INF" upperBound="1" marginal="NaN"/>
           <constraint idx="6435" name="unico[7,93,2]" type="L" activity="1" lowerBound="-INF" upperBound="1" marginal="NaN"/>
           <constraint idx="6436" name="unico[7,94,1]" type="L" activity="1" lowerBound="-INF" upperBound="1" marginal="NaN"/>
           <constraint idx="6640" name="unico[8,96,1]" type="L" activity="1" lowerBound="-INF" upperBound="1" marginal="NaN"/>
           <constraint idx="6644" name="unico[8,98,1]" type="L" activity="1" lowerBound="-INF" upperBound="1" marginal="NaN"/>
           <constraint idx="6706" name="unico[9,29,1]" type="L" activity="1" lowerBound="-INF" upperBound="1" marginal="NaN"/>
           <constraint idx="6755" name="unico[9,53,2]" type="L" activity="1" lowerBound="-INF" upperBound="1" marginal="NaN"/>
           <constraint idx="7022" name="unico[10,87,1]" type="L" activity="1" lowerBound="-INF" upperBound="1" marginal="NaN"/>
           <constraint idx="7100" name="unico[11,26,1]" type="L" activity="1" lowerBound="-INF" upperBound="1" marginal="NaN"/>
           <constraint idx="7117" name="unico[11,34,2]" type="L" activity="1" lowerBound="-INF" upperBound="1" marginal="NaN"/>
           <constraint idx="7164" name="unico[11,58,1]" type="L" activity="1" lowerBound="-INF" upperBound="1" marginal="NaN"/>
           <constraint idx="7387" name="unico[12,69,2]" type="L" activity="1" lowerBound="-INF" upperBound="1" marginal="NaN"/>
           <constraint idx="7394" name="unico[12,73,1]" type="L" activity="1" lowerBound="-INF" upperBound="1" marginal="NaN"/>
           <constraint idx="7640" name="unico[13,96,1]" type="L" activity="1" lowerBound="-INF" upperBound="1" marginal="NaN"/>
           <constraint idx="7698" name="unico[14,25,1]" type="L" activity="1" lowerBound="-INF" upperBound="1" marginal="NaN"/>
           <constraint idx="7700" name="unico[14,26,1]" type="L" activity="1" lowerBound="-INF" upperBound="1" marginal="NaN"/>
           <constraint idx="7972" name="unico[15,62,1]" type="L" activity="1" lowerBound="-INF" upperBound="1" marginal="NaN"/>
           <constraint idx="7979" name="unico[15,65,2]" type="L" activity="1" lowerBound="-INF" upperBound="1" marginal="NaN"/>
           <constraint idx="8008" name="unico[15,80,1]" type="L" activity="1" lowerBound="-INF" upperBound="1" marginal="NaN"/>
           <constraint idx="8201" name="unico[16,76,2]" type="L" activity="1" lowerBound="-INF" upperBound="1" marginal="NaN"/>
           <constraint idx="8202" name="unico[16,77,1]" type="L" activity="1" lowerBound="-INF" upperBound="1" marginal="NaN"/>
           <constraint idx="8232" name="unico[16,92,1]" type="L" activity="1" lowerBound="-INF" upperBound="1" marginal="NaN"/>
           <constraint idx="8235" name="unico[16,93,2]" type="L" activity="1" lowerBound="-INF" upperBound="1" marginal="NaN"/>
           <constraint idx="8258" name="unico[17,5,1]" type="L" activity="1" lowerBound="-INF" upperBound="1" marginal="NaN"/>
           <constraint idx="8345" name="unico[17,48,2]" type="L" activity="1" lowerBound="-INF" upperBound="1" marginal="NaN"/>
           <constraint idx="8346" name="unico[17,49,1]" type="L" activity="1" lowerBound="-INF" upperBound="1" marginal="NaN"/>
           <constraint idx="8443" name="unico[17,97,2]" type="L" activity="1" lowerBound="-INF" upperBound="1" marginal="NaN"/>
           <constraint idx="8558" name="unico[18,55,1]" type="L" activity="1" lowerBound="-INF" upperBound="1" marginal="NaN"/>
           <constraint idx="8678" name="unico[19,15,1]" type="L" activity="1" lowerBound="-INF" upperBound="1" marginal="NaN"/>
           <constraint idx="8815" name="unico[19,83,2]" type="L" activity="1" lowerBound="-INF" upperBound="1" marginal="NaN"/>
           <constraint idx="8822" name="unico[19,87,1]" type="L" activity="1" lowerBound="-INF" upperBound="1" marginal="NaN"/>
           <constraint idx="8894" name="unico[20,23,1]" type="L" activity="1" lowerBound="-INF" upperBound="1" marginal="NaN"/>
           <constraint idx="8964" name="unico[20,58,1]" type="L" activity="1" lowerBound="-INF" upperBound="1" marginal="NaN"/>
           <constraint idx="8967" name="unico[20,59,2]" type="L" activity="1" lowerBound="-INF" upperBound="1" marginal="NaN"/>
           <constraint idx="9051" name="unico[21,1,2]" type="L" activity="1" lowerBound="-INF" upperBound="1" marginal="NaN"/>
           <constraint idx="9120" name="unico[21,36,1]" type="L" activity="1" lowerBound="-INF" upperBound="1" marginal="NaN"/>
           <constraint idx="9123" name="unico[21,37,2]" type="L" activity="1" lowerBound="-INF" upperBound="1" marginal="NaN"/>
           <constraint idx="9154" name="unico[21,53,1]" type="L" activity="1" lowerBound="-INF" upperBound="1" marginal="NaN"/>
           <constraint idx="9329" name="unico[22,40,2]" type="L" activity="1" lowerBound="-INF" upperBound="1" marginal="NaN"/>
           <constraint idx="9356" name="unico[22,54,1]" type="L" activity="1" lowerBound="-INF" upperBound="1" marginal="NaN"/>
           <constraint idx="9493" name="unico[23,22,2]" type="L" activity="1" lowerBound="-INF" upperBound="1" marginal="NaN"/>
           <constraint idx="9496" name="unico[23,24,1]" type="L" activity="1" lowerBound="-INF" upperBound="1" marginal="NaN"/>
           <constraint idx="9498" name="unico[23,25,1]" type="L" activity="1" lowerBound="-INF" upperBound="1" marginal="NaN"/>
           <constraint idx="9741" name="unico[24,46,2]" type="L" activity="1" lowerBound="-INF" upperBound="1" marginal="NaN"/>
           <constraint idx="9776" name="unico[24,64,1]" type="L" activity="1" lowerBound="-INF" upperBound="1" marginal="NaN"/>
           <constraint idx="9872" name="unico[25,12,1]" type="L" activity="1" lowerBound="-INF" upperBound="1" marginal="NaN"/>
           <constraint idx="9874" name="unico[25,13,1]" type="L" activity="1" lowerBound="-INF" upperBound="1" marginal="NaN"/>
           <constraint idx="10064" name="unico[26,8,1]" type="L" activity="1" lowerBound="-INF" upperBound="1" marginal="NaN"/>
           <constraint idx="10069" name="unico[26,10,2]" type="L" activity="1" lowerBound="-INF" upperBound="1" marginal="NaN"/>
           <constraint idx="10111" name="unico[26,31,2]" type="L" activity="1" lowerBound="-INF" upperBound="1" marginal="NaN"/>
           <constraint idx="10122" name="unico[26,37,1]" type="L" activity="1" lowerBound="-INF" upperBound="1" marginal="NaN"/>
           <constraint idx="10390" name="unico[27,71,1]" type="L" activity="1" lowerBound="-INF" upperBound="1" marginal="NaN"/>
           <constraint idx="10418" name="unico[27,85,1]" type="L" activity="1" lowerBound="-INF" upperBound="1" marginal="NaN"/>
           <constraint idx="10462" name="unico[28,7,1]" type="L" activity="1" lowerBound="-INF" upperBound="1" marginal="NaN"/>
           <constraint idx="10767" name="unico[29,59,2]" type="L" activity="1" lowerBound="-INF" upperBound="1" marginal="NaN"/>
           <constraint idx="10770" name="unico[29,61,1]" type="L" activity="1" lowerBound="-INF" upperBound="1" marginal="NaN"/>
           <constraint idx="10990" name="unico[30,71,1]" type="L" activity="1" lowerBound="-INF" upperBound="1" marginal="NaN"/>
           <constraint idx="11134" name="unico[31,43,1]" type="L" activity="1" lowerBound="-INF" upperBound="1" marginal="NaN"/>
           <constraint idx="11201" name="unico[31,76,2]" type="L" activity="1" lowerBound="-INF" upperBound="1" marginal="NaN"/>
           <constraint idx="11202" name="unico[31,77,1]" type="L" activity="1" lowerBound="-INF" upperBound="1" marginal="NaN"/>
           <constraint idx="11235" name="unico[31,93,2]" type="L" activity="1" lowerBound="-INF" upperBound="1" marginal="NaN"/>
           <constraint idx="11363" name="unico[32,57,2]" type="L" activity="1" lowerBound="-INF" upperBound="1" marginal="NaN"/>
           <constraint idx="11395" name="unico[32,73,2]" type="L" activity="1" lowerBound="-INF" upperBound="1" marginal="NaN"/>
           <constraint idx="11498" name="unico[33,25,1]" type="L" activity="1" lowerBound="-INF" upperBound="1" marginal="NaN"/>
           <constraint idx="11511" name="unico[33,31,2]" type="L" activity="1" lowerBound="-INF" upperBound="1" marginal="NaN"/>
           <constraint idx="11523" name="unico[33,37,2]" type="L" activity="1" lowerBound="-INF" upperBound="1" marginal="NaN"/>
           <constraint idx="11554" name="unico[33,53,1]" type="L" activity="1" lowerBound="-INF" upperBound="1" marginal="NaN"/>
           <constraint idx="11734" name="unico[34,43,1]" type="L" activity="1" lowerBound="-INF" upperBound="1" marginal="NaN"/>
           <constraint idx="11801" name="unico[34,76,2]" type="L" activity="1" lowerBound="-INF" upperBound="1" marginal="NaN"/>
           <constraint idx="11802" name="unico[34,77,1]" type="L" activity="1" lowerBound="-INF" upperBound="1" marginal="NaN"/>
           <constraint idx="11835" name="unico[34,93,2]" type="L" activity="1" lowerBound="-INF" upperBound="1" marginal="NaN"/>
           <constraint idx="11838" name="unico[34,95,1]" type="L" activity="1" lowerBound="-INF" upperBound="1" marginal="NaN"/>
           <constraint idx="11923" name="unico[35,37,2]" type="L" activity="1" lowerBound="-INF" upperBound="1" marginal="NaN"/>
           <constraint idx="12054" name="unico[36,3,1]" type="L" activity="1" lowerBound="-INF" upperBound="1" marginal="NaN"/>
           <constraint idx="12372" name="unico[37,62,1]" type="L" activity="1" lowerBound="-INF" upperBound="1" marginal="NaN"/>
           <constraint idx="12379" name="unico[37,65,2]" type="L" activity="1" lowerBound="-INF" upperBound="1" marginal="NaN"/>
           <constraint idx="12408" name="unico[37,80,1]" type="L" activity="1" lowerBound="-INF" upperBound="1" marginal="NaN"/>
           <constraint idx="12458" name="unico[38,5,1]" type="L" activity="1" lowerBound="-INF" upperBound="1" marginal="NaN"/>
           <constraint idx="12467" name="unico[38,9,2]" type="L" activity="1" lowerBound="-INF" upperBound="1" marginal="NaN"/>
           <constraint idx="12708" name="unico[39,30,1]" type="L" activity="1" lowerBound="-INF" upperBound="1" marginal="NaN"/>
           <constraint idx="12711" name="unico[39,31,2]" type="L" activity="1" lowerBound="-INF" upperBound="1" marginal="NaN"/>
           <constraint idx="12722" name="unico[39,37,1]" type="L" activity="1" lowerBound="-INF" upperBound="1" marginal="NaN"/>
           <constraint idx="12733" name="unico[39,42,2]" type="L" activity="1" lowerBound="-INF" upperBound="1" marginal="NaN"/>
           <constraint idx="12842" name="unico[39,97,1]" type="L" activity="1" lowerBound="-INF" upperBound="1" marginal="NaN"/>
           <constraint idx="13040" name="unico[40,96,1]" type="L" activity="1" lowerBound="-INF" upperBound="1" marginal="NaN"/>
           <constraint idx="13043" name="unico[40,97,2]" type="L" activity="1" lowerBound="-INF" upperBound="1" marginal="NaN"/>
           <constraint idx="13184" name="unico[41,68,1]" type="L" activity="1" lowerBound="-INF" upperBound="1" marginal="NaN"/>
           <constraint idx="13190" name="unico[41,71,1]" type="L" activity="1" lowerBound="-INF" upperBound="1" marginal="NaN"/>
           <constraint idx="13233" name="unico[41,92,2]" type="L" activity="1" lowerBound="-INF" upperBound="1" marginal="NaN"/>
           <constraint idx="13238" name="unico[41,95,1]" type="L" activity="1" lowerBound="-INF" upperBound="1" marginal="NaN"/>
           <constraint idx="13323" name="unico[42,37,2]" type="L" activity="1" lowerBound="-INF" upperBound="1" marginal="NaN"/>
           <constraint idx="13354" name="unico[42,53,1]" type="L" activity="1" lowerBound="-INF" upperBound="1" marginal="NaN"/>
           <constraint idx="13490" name="unico[43,21,1]" type="L" activity="1" lowerBound="-INF" upperBound="1" marginal="NaN"/>
           <constraint idx="13493" name="unico[43,22,2]" type="L" activity="1" lowerBound="-INF" upperBound="1" marginal="NaN"/>
           <constraint idx="13544" name="unico[43,48,1]" type="L" activity="1" lowerBound="-INF" upperBound="1" marginal="NaN"/>
           <constraint idx="13658" name="unico[44,5,1]" type="L" activity="1" lowerBound="-INF" upperBound="1" marginal="NaN"/>
           <constraint idx="13867" name="unico[45,9,2]" type="L" activity="1" lowerBound="-INF" upperBound="1" marginal="NaN"/>
           <constraint idx="13870" name="unico[45,11,1]" type="L" activity="1" lowerBound="-INF" upperBound="1" marginal="NaN"/>
           <constraint idx="13984" name="unico[45,68,1]" type="L" activity="1" lowerBound="-INF" upperBound="1" marginal="NaN"/>
           <constraint idx="14218" name="unico[46,85,1]" type="L" activity="1" lowerBound="-INF" upperBound="1" marginal="NaN"/>
           <constraint idx="14440" name="unico[47,96,1]" type="L" activity="1" lowerBound="-INF" upperBound="1" marginal="NaN"/>
           <constraint idx="14442" name="unico[47,97,1]" type="L" activity="1" lowerBound="-INF" upperBound="1" marginal="NaN"/>
           <constraint idx="14576" name="unico[48,64,1]" type="L" activity="1" lowerBound="-INF" upperBound="1" marginal="NaN"/>
           <constraint idx="14605" name="unico[48,78,2]" type="L" activity="1" lowerBound="-INF" upperBound="1" marginal="NaN"/>
           <constraint idx="14606" name="unico[48,79,1]" type="L" activity="1" lowerBound="-INF" upperBound="1" marginal="NaN"/>
           <constraint idx="14637" name="unico[48,94,2]" type="L" activity="1" lowerBound="-INF" upperBound="1" marginal="NaN"/>
           <constraint idx="14805" name="unico[49,78,2]" type="L" activity="1" lowerBound="-INF" upperBound="1" marginal="NaN"/>
           <constraint idx="14814" name="unico[49,83,1]" type="L" activity="1" lowerBound="-INF" upperBound="1" marginal="NaN"/>
           <constraint idx="14822" name="unico[49,87,1]" type="L" activity="1" lowerBound="-INF" upperBound="1" marginal="NaN"/>
           <constraint idx="14824" name="unico[49,88,1]" type="L" activity="1" lowerBound="-INF" upperBound="1" marginal="NaN"/>
           <constraint idx="14948" name="unico[50,50,1]" type="L" activity="1" lowerBound="-INF" upperBound="1" marginal="NaN"/>
       </linearConstraints>
   </solution>
</CmplSolutions>
