<?xml version = "1.1" encoding="UTF-8" standalone="yes"?>
<CmplSolutions version="1.0">
   <general>
       <instanceName>inst_100_50_100_50_75_25_45$_05_2.cmpl</instanceName>
       <nrOfVariables>1000000</nrOfVariables>
       <nrOfConstraints>15050</nrOfConstraints>
       <objectiveName>cost</objectiveName>
       <objectiveSense>min</objectiveSense>
       <nrOfSolutions>1</nrOfSolutions>
       <solverName>GLPK</solverName>
       <variablesDisplayOptions>nonZeroVariables (all)</variablesDisplayOptions>
       <constraintsDisplayOptions>nonZeroConstraints (all)</constraintsDisplayOptions>
   </general>
   <solution idx="0" status="optimal" value="62984">
       <variables>
           <variable idx="3036" name="y[1,16,19,1]" type="I" activity="1" lowerBound="0" upperBound="1" marginal="NaN"/>
           <variable idx="3683" name="y[1,19,42,2]" type="I" activity="1" lowerBound="0" upperBound="1" marginal="NaN"/>
           <variable idx="34103" name="y[2,71,52,2]" type="I" activity="1" lowerBound="0" upperBound="1" marginal="NaN"/>
           <variable idx="34540" name="y[2,73,71,1]" type="I" activity="1" lowerBound="0" upperBound="1" marginal="NaN"/>
           <variable idx="42218" name="y[3,12,10,1]" type="I" activity="1" lowerBound="0" upperBound="1" marginal="NaN"/>
           <variable idx="53823" name="y[3,70,12,2]" type="I" activity="1" lowerBound="0" upperBound="1" marginal="NaN"/>
           <variable idx="68886" name="y[4,45,44,1]" type="I" activity="1" lowerBound="0" upperBound="1" marginal="NaN"/>
           <variable idx="71888" name="y[4,60,45,1]" type="I" activity="1" lowerBound="0" upperBound="1" marginal="NaN"/>
           <variable idx="84448" name="y[5,23,25,1]" type="I" activity="1" lowerBound="0" upperBound="1" marginal="NaN"/>
           <variable idx="84971" name="y[5,25,86,2]" type="I" activity="1" lowerBound="0" upperBound="1" marginal="NaN"/>
           <variable idx="115187" name="y[6,76,94,2]" type="I" activity="1" lowerBound="0" upperBound="1" marginal="NaN"/>
           <variable idx="115550" name="y[6,78,76,1]" type="I" activity="1" lowerBound="0" upperBound="1" marginal="NaN"/>
           <variable idx="122826" name="y[7,15,14,1]" type="I" activity="1" lowerBound="0" upperBound="1" marginal="NaN"/>
           <variable idx="136829" name="y[7,85,15,2]" type="I" activity="1" lowerBound="0" upperBound="1" marginal="NaN"/>
           <variable idx="153132" name="y[8,66,67,1]" type="I" activity="1" lowerBound="0" upperBound="1" marginal="NaN"/>
           <variable idx="178535" name="y[9,93,68,2]" type="I" activity="1" lowerBound="0" upperBound="1" marginal="NaN"/>
           <variable idx="179584" name="y[9,98,93,1]" type="I" activity="1" lowerBound="0" upperBound="1" marginal="NaN"/>
           <variable idx="186229" name="y[10,32,15,2]" type="I" activity="1" lowerBound="0" upperBound="1" marginal="NaN"/>
           <variable idx="192863" name="y[10,65,32,2]" type="I" activity="1" lowerBound="0" upperBound="1" marginal="NaN"/>
           <variable idx="219983" name="y[11,100,92,2]" type="I" activity="1" lowerBound="0" upperBound="1" marginal="NaN"/>
           <variable idx="230603" name="y[12,54,2,2]" type="I" activity="1" lowerBound="0" upperBound="1" marginal="NaN"/>
           <variable idx="247276" name="y[13,37,39,1]" type="I" activity="1" lowerBound="0" upperBound="1" marginal="NaN"/>
           <variable idx="259273" name="y[13,97,37,2]" type="I" activity="1" lowerBound="0" upperBound="1" marginal="NaN"/>
           <variable idx="261489" name="y[14,8,45,2]" type="I" activity="1" lowerBound="0" upperBound="1" marginal="NaN"/>
           <variable idx="268884" name="y[14,45,43,1]" type="I" activity="1" lowerBound="0" upperBound="1" marginal="NaN"/>
           <variable idx="283418" name="y[15,18,10,1]" type="I" activity="1" lowerBound="0" upperBound="1" marginal="NaN"/>
           <variable idx="310779" name="y[16,54,90,2]" type="I" activity="1" lowerBound="0" upperBound="1" marginal="NaN"/>
           <variable idx="325056" name="y[17,26,29,1]" type="I" activity="1" lowerBound="0" upperBound="1" marginal="NaN"/>
           <variable idx="325775" name="y[17,29,88,2]" type="I" activity="1" lowerBound="0" upperBound="1" marginal="NaN"/>
           <variable idx="353730" name="y[18,69,66,1]" type="I" activity="1" lowerBound="0" upperBound="1" marginal="NaN"/>
           <variable idx="359937" name="y[18,100,69,2]" type="I" activity="1" lowerBound="0" upperBound="1" marginal="NaN"/>
           <variable idx="363640" name="y[19,19,21,1]" type="I" activity="1" lowerBound="0" upperBound="1" marginal="NaN"/>
           <variable idx="364157" name="y[19,21,79,2]" type="I" activity="1" lowerBound="0" upperBound="1" marginal="NaN"/>
           <variable idx="384452" name="y[20,23,27,1]" type="I" activity="1" lowerBound="0" upperBound="1" marginal="NaN"/>
           <variable idx="385313" name="y[20,27,57,2]" type="I" activity="1" lowerBound="0" upperBound="1" marginal="NaN"/>
           <variable idx="419196" name="y[21,96,99,1]" type="I" activity="1" lowerBound="0" upperBound="1" marginal="NaN"/>
           <variable idx="425127" name="y[22,26,64,2]" type="I" activity="1" lowerBound="0" upperBound="1" marginal="NaN"/>
           <variable idx="432730" name="y[22,64,66,1]" type="I" activity="1" lowerBound="0" upperBound="1" marginal="NaN"/>
           <variable idx="451112" name="y[23,56,57,1]" type="I" activity="1" lowerBound="0" upperBound="1" marginal="NaN"/>
           <variable idx="455511" name="y[23,78,56,2]" type="I" activity="1" lowerBound="0" upperBound="1" marginal="NaN"/>
           <variable idx="475615" name="y[24,79,8,2]" type="I" activity="1" lowerBound="0" upperBound="1" marginal="NaN"/>
           <variable idx="476756" name="y[24,84,79,1]" type="I" activity="1" lowerBound="0" upperBound="1" marginal="NaN"/>
           <variable idx="493942" name="y[25,70,72,1]" type="I" activity="1" lowerBound="0" upperBound="1" marginal="NaN"/>
           <variable idx="494379" name="y[25,72,90,2]" type="I" activity="1" lowerBound="0" upperBound="1" marginal="NaN"/>
           <variable idx="512775" name="y[26,64,88,2]" type="I" activity="1" lowerBound="0" upperBound="1" marginal="NaN"/>
           <variable idx="533883" name="y[27,70,42,2]" type="I" activity="1" lowerBound="0" upperBound="1" marginal="NaN"/>
           <variable idx="534138" name="y[27,71,70,1]" type="I" activity="1" lowerBound="0" upperBound="1" marginal="NaN"/>
           <variable idx="555511" name="y[28,78,56,2]" type="I" activity="1" lowerBound="0" upperBound="1" marginal="NaN"/>
           <variable idx="579319" name="y[29,97,60,2]" type="I" activity="1" lowerBound="0" upperBound="1" marginal="NaN"/>
           <variable idx="595752" name="y[30,79,77,1]" type="I" activity="1" lowerBound="0" upperBound="1" marginal="NaN"/>
           <variable idx="599557" name="y[30,98,79,2]" type="I" activity="1" lowerBound="0" upperBound="1" marginal="NaN"/>
           <variable idx="600185" name="y[31,1,93,2]" type="I" activity="1" lowerBound="0" upperBound="1" marginal="NaN"/>
           <variable idx="618592" name="y[31,93,97,1]" type="I" activity="1" lowerBound="0" upperBound="1" marginal="NaN"/>
           <variable idx="620800" name="y[32,5,1,1]" type="I" activity="1" lowerBound="0" upperBound="1" marginal="NaN"/>
           <variable idx="630409" name="y[32,53,5,2]" type="I" activity="1" lowerBound="0" upperBound="1" marginal="NaN"/>
           <variable idx="646941" name="y[33,35,71,2]" type="I" activity="1" lowerBound="0" upperBound="1" marginal="NaN"/>
           <variable idx="647068" name="y[33,36,35,1]" type="I" activity="1" lowerBound="0" upperBound="1" marginal="NaN"/>
           <variable idx="679598" name="y[34,98,100,1]" type="I" activity="1" lowerBound="0" upperBound="1" marginal="NaN"/>
           <variable idx="679879" name="y[34,100,40,2]" type="I" activity="1" lowerBound="0" upperBound="1" marginal="NaN"/>
           <variable idx="683565" name="y[35,18,83,2]" type="I" activity="1" lowerBound="0" upperBound="1" marginal="NaN"/>
           <variable idx="696566" name="y[35,83,84,1]" type="I" activity="1" lowerBound="0" upperBound="1" marginal="NaN"/>
           <variable idx="703036" name="y[36,16,19,1]" type="I" activity="1" lowerBound="0" upperBound="1" marginal="NaN"/>
           <variable idx="703681" name="y[36,19,41,2]" type="I" activity="1" lowerBound="0" upperBound="1" marginal="NaN"/>
           <variable idx="721007" name="y[37,6,4,2]" type="I" activity="1" lowerBound="0" upperBound="1" marginal="NaN"/>
           <variable idx="725611" name="y[37,29,6,2]" type="I" activity="1" lowerBound="0" upperBound="1" marginal="NaN"/>
           <variable idx="746252" name="y[38,32,27,1]" type="I" activity="1" lowerBound="0" upperBound="1" marginal="NaN"/>
           <variable idx="747863" name="y[38,40,32,2]" type="I" activity="1" lowerBound="0" upperBound="1" marginal="NaN"/>
           <variable idx="769512" name="y[39,48,57,1]" type="I" activity="1" lowerBound="0" upperBound="1" marginal="NaN"/>
           <variable idx="771387" name="y[39,57,94,2]" type="I" activity="1" lowerBound="0" upperBound="1" marginal="NaN"/>
           <variable idx="786260" name="y[40,32,31,1]" type="I" activity="1" lowerBound="0" upperBound="1" marginal="NaN"/>
           <variable idx="792863" name="y[40,65,32,2]" type="I" activity="1" lowerBound="0" upperBound="1" marginal="NaN"/>
           <variable idx="803230" name="y[41,17,16,1]" type="I" activity="1" lowerBound="0" upperBound="1" marginal="NaN"/>
           <variable idx="808833" name="y[41,45,17,2]" type="I" activity="1" lowerBound="0" upperBound="1" marginal="NaN"/>
           <variable idx="820427" name="y[42,3,14,2]" type="I" activity="1" lowerBound="0" upperBound="1" marginal="NaN"/>
           <variable idx="822641" name="y[42,14,21,2]" type="I" activity="1" lowerBound="0" upperBound="1" marginal="NaN"/>
           <variable idx="850890" name="y[43,55,46,1]" type="I" activity="1" lowerBound="0" upperBound="1" marginal="NaN"/>
           <variable idx="856109" name="y[43,81,55,2]" type="I" activity="1" lowerBound="0" upperBound="1" marginal="NaN"/>
           <variable idx="865258" name="y[44,27,30,1]" type="I" activity="1" lowerBound="0" upperBound="1" marginal="NaN"/>
           <variable idx="865909" name="y[44,30,55,2]" type="I" activity="1" lowerBound="0" upperBound="1" marginal="NaN"/>
           <variable idx="883048" name="y[45,16,25,1]" type="I" activity="1" lowerBound="0" upperBound="1" marginal="NaN"/>
           <variable idx="884859" name="y[45,25,30,2]" type="I" activity="1" lowerBound="0" upperBound="1" marginal="NaN"/>
           <variable idx="906565" name="y[46,33,83,2]" type="I" activity="1" lowerBound="0" upperBound="1" marginal="NaN"/>
           <variable idx="934589" name="y[47,73,95,2]" type="I" activity="1" lowerBound="0" upperBound="1" marginal="NaN"/>
           <variable idx="934744" name="y[47,74,73,1]" type="I" activity="1" lowerBound="0" upperBound="1" marginal="NaN"/>
           <variable idx="954863" name="y[48,75,32,2]" type="I" activity="1" lowerBound="0" upperBound="1" marginal="NaN"/>
           <variable idx="974175" name="y[49,71,88,2]" type="I" activity="1" lowerBound="0" upperBound="1" marginal="NaN"/>
           <variable idx="977588" name="y[49,88,95,1]" type="I" activity="1" lowerBound="0" upperBound="1" marginal="NaN"/>
           <variable idx="992781" name="y[50,64,91,2]" type="I" activity="1" lowerBound="0" upperBound="1" marginal="NaN"/>
           <variable idx="993726" name="y[50,69,64,1]" type="I" activity="1" lowerBound="0" upperBound="1" marginal="NaN"/>
       </variables>
       <linearConstraints> 
           <constraint idx="30" name="bilancio[1,31]" type="E" activity="-1" lowerBound="-1" upperBound="-1" marginal="NaN"/>
           <constraint idx="31" name="bilancio[1,32]" type="E" activity="1" lowerBound="1" upperBound="1" marginal="NaN"/>
           <constraint idx="61" name="bilancio[2,12]" type="E" activity="1" lowerBound="1" upperBound="1" marginal="NaN"/>
           <constraint idx="141" name="bilancio[3,42]" type="E" activity="-1" lowerBound="-1" upperBound="-1" marginal="NaN"/>
           <constraint idx="186" name="bilancio[4,37]" type="E" activity="1" lowerBound="1" upperBound="1" marginal="NaN"/>
           <constraint idx="363" name="bilancio[8,14]" type="E" activity="-1" lowerBound="-1" upperBound="-1" marginal="NaN"/>
           <constraint idx="373" name="bilancio[8,24]" type="E" activity="1" lowerBound="1" upperBound="1" marginal="NaN"/>
           <constraint idx="452" name="bilancio[10,3]" type="E" activity="1" lowerBound="1" upperBound="1" marginal="NaN"/>
           <constraint idx="464" name="bilancio[10,15]" type="E" activity="1" lowerBound="1" upperBound="1" marginal="NaN"/>
           <constraint idx="656" name="bilancio[14,7]" type="E" activity="1" lowerBound="1" upperBound="1" marginal="NaN"/>
           <constraint idx="709" name="bilancio[15,10]" type="E" activity="1" lowerBound="1" upperBound="1" marginal="NaN"/>
           <constraint idx="750" name="bilancio[16,1]" type="E" activity="-1" lowerBound="-1" upperBound="-1" marginal="NaN"/>
           <constraint idx="785" name="bilancio[16,36]" type="E" activity="-1" lowerBound="-1" upperBound="-1" marginal="NaN"/>
           <constraint idx="790" name="bilancio[16,41]" type="E" activity="1" lowerBound="1" upperBound="1" marginal="NaN"/>
           <constraint idx="794" name="bilancio[16,45]" type="E" activity="-1" lowerBound="-1" upperBound="-1" marginal="NaN"/>
           <constraint idx="864" name="bilancio[18,15]" type="E" activity="-1" lowerBound="-1" upperBound="-1" marginal="NaN"/>
           <constraint idx="884" name="bilancio[18,35]" type="E" activity="-1" lowerBound="-1" upperBound="-1" marginal="NaN"/>
           <constraint idx="918" name="bilancio[19,19]" type="E" activity="-1" lowerBound="-1" upperBound="-1" marginal="NaN"/>
           <constraint idx="1041" name="bilancio[21,42]" type="E" activity="1" lowerBound="1" upperBound="1" marginal="NaN"/>
           <constraint idx="1104" name="bilancio[23,5]" type="E" activity="-1" lowerBound="-1" upperBound="-1" marginal="NaN"/>
           <constraint idx="1119" name="bilancio[23,20]" type="E" activity="-1" lowerBound="-1" upperBound="-1" marginal="NaN"/>
           <constraint idx="1266" name="bilancio[26,17]" type="E" activity="-1" lowerBound="-1" upperBound="-1" marginal="NaN"/>
           <constraint idx="1271" name="bilancio[26,22]" type="E" activity="-1" lowerBound="-1" upperBound="-1" marginal="NaN"/>
           <constraint idx="1337" name="bilancio[27,38]" type="E" activity="1" lowerBound="1" upperBound="1" marginal="NaN"/>
           <constraint idx="1343" name="bilancio[27,44]" type="E" activity="-1" lowerBound="-1" upperBound="-1" marginal="NaN"/>
           <constraint idx="1436" name="bilancio[29,37]" type="E" activity="-1" lowerBound="-1" upperBound="-1" marginal="NaN"/>
           <constraint idx="1494" name="bilancio[30,45]" type="E" activity="1" lowerBound="1" upperBound="1" marginal="NaN"/>
           <constraint idx="1539" name="bilancio[31,40]" type="E" activity="1" lowerBound="1" upperBound="1" marginal="NaN"/>
           <constraint idx="1597" name="bilancio[32,48]" type="E" activity="1" lowerBound="1" upperBound="1" marginal="NaN"/>
           <constraint idx="1645" name="bilancio[33,46]" type="E" activity="-1" lowerBound="-1" upperBound="-1" marginal="NaN"/>
           <constraint idx="1782" name="bilancio[36,33]" type="E" activity="-1" lowerBound="-1" upperBound="-1" marginal="NaN"/>
           <constraint idx="1912" name="bilancio[39,13]" type="E" activity="1" lowerBound="1" upperBound="1" marginal="NaN"/>
           <constraint idx="1983" name="bilancio[40,34]" type="E" activity="1" lowerBound="1" upperBound="1" marginal="NaN"/>
           <constraint idx="1987" name="bilancio[40,38]" type="E" activity="-1" lowerBound="-1" upperBound="-1" marginal="NaN"/>
           <constraint idx="2035" name="bilancio[41,36]" type="E" activity="1" lowerBound="1" upperBound="1" marginal="NaN"/>
           <constraint idx="2050" name="bilancio[42,1]" type="E" activity="1" lowerBound="1" upperBound="1" marginal="NaN"/>
           <constraint idx="2076" name="bilancio[42,27]" type="E" activity="1" lowerBound="1" upperBound="1" marginal="NaN"/>
           <constraint idx="2113" name="bilancio[43,14]" type="E" activity="1" lowerBound="1" upperBound="1" marginal="NaN"/>
           <constraint idx="2153" name="bilancio[44,4]" type="E" activity="1" lowerBound="1" upperBound="1" marginal="NaN"/>
           <constraint idx="2240" name="bilancio[45,41]" type="E" activity="-1" lowerBound="-1" upperBound="-1" marginal="NaN"/>
           <constraint idx="2292" name="bilancio[46,43]" type="E" activity="1" lowerBound="1" upperBound="1" marginal="NaN"/>
           <constraint idx="2388" name="bilancio[48,39]" type="E" activity="-1" lowerBound="-1" upperBound="-1" marginal="NaN"/>
           <constraint idx="2551" name="bilancio[52,2]" type="E" activity="1" lowerBound="1" upperBound="1" marginal="NaN"/>
           <constraint idx="2631" name="bilancio[53,32]" type="E" activity="-1" lowerBound="-1" upperBound="-1" marginal="NaN"/>
           <constraint idx="2661" name="bilancio[54,12]" type="E" activity="-1" lowerBound="-1" upperBound="-1" marginal="NaN"/>
           <constraint idx="2665" name="bilancio[54,16]" type="E" activity="-1" lowerBound="-1" upperBound="-1" marginal="NaN"/>
           <constraint idx="2743" name="bilancio[55,44]" type="E" activity="1" lowerBound="1" upperBound="1" marginal="NaN"/>
           <constraint idx="2777" name="bilancio[56,28]" type="E" activity="1" lowerBound="1" upperBound="1" marginal="NaN"/>
           <constraint idx="2819" name="bilancio[57,20]" type="E" activity="1" lowerBound="1" upperBound="1" marginal="NaN"/>
           <constraint idx="2822" name="bilancio[57,23]" type="E" activity="1" lowerBound="1" upperBound="1" marginal="NaN"/>
           <constraint idx="2953" name="bilancio[60,4]" type="E" activity="-1" lowerBound="-1" upperBound="-1" marginal="NaN"/>
           <constraint idx="2978" name="bilancio[60,29]" type="E" activity="1" lowerBound="1" upperBound="1" marginal="NaN"/>
           <constraint idx="3175" name="bilancio[64,26]" type="E" activity="-1" lowerBound="-1" upperBound="-1" marginal="NaN"/>
           <constraint idx="3209" name="bilancio[65,10]" type="E" activity="-1" lowerBound="-1" upperBound="-1" marginal="NaN"/>
           <constraint idx="3239" name="bilancio[65,40]" type="E" activity="-1" lowerBound="-1" upperBound="-1" marginal="NaN"/>
           <constraint idx="3257" name="bilancio[66,8]" type="E" activity="-1" lowerBound="-1" upperBound="-1" marginal="NaN"/>
           <constraint idx="3267" name="bilancio[66,18]" type="E" activity="1" lowerBound="1" upperBound="1" marginal="NaN"/>
           <constraint idx="3271" name="bilancio[66,22]" type="E" activity="1" lowerBound="1" upperBound="1" marginal="NaN"/>
           <constraint idx="3307" name="bilancio[67,8]" type="E" activity="1" lowerBound="1" upperBound="1" marginal="NaN"/>
           <constraint idx="3358" name="bilancio[68,9]" type="E" activity="1" lowerBound="1" upperBound="1" marginal="NaN"/>
           <constraint idx="3449" name="bilancio[69,50]" type="E" activity="-1" lowerBound="-1" upperBound="-1" marginal="NaN"/>
           <constraint idx="3452" name="bilancio[70,3]" type="E" activity="-1" lowerBound="-1" upperBound="-1" marginal="NaN"/>
           <constraint idx="3474" name="bilancio[70,25]" type="E" activity="-1" lowerBound="-1" upperBound="-1" marginal="NaN"/>
           <constraint idx="3526" name="bilancio[71,27]" type="E" activity="-1" lowerBound="-1" upperBound="-1" marginal="NaN"/>
           <constraint idx="3532" name="bilancio[71,33]" type="E" activity="1" lowerBound="1" upperBound="1" marginal="NaN"/>
           <constraint idx="3548" name="bilancio[71,49]" type="E" activity="-1" lowerBound="-1" upperBound="-1" marginal="NaN"/>
           <constraint idx="3601" name="bilancio[73,2]" type="E" activity="-1" lowerBound="-1" upperBound="-1" marginal="NaN"/>
           <constraint idx="3696" name="bilancio[74,47]" type="E" activity="-1" lowerBound="-1" upperBound="-1" marginal="NaN"/>
           <constraint idx="3747" name="bilancio[75,48]" type="E" activity="-1" lowerBound="-1" upperBound="-1" marginal="NaN"/>
           <constraint idx="3829" name="bilancio[77,30]" type="E" activity="1" lowerBound="1" upperBound="1" marginal="NaN"/>
           <constraint idx="3855" name="bilancio[78,6]" type="E" activity="-1" lowerBound="-1" upperBound="-1" marginal="NaN"/>
           <constraint idx="3872" name="bilancio[78,23]" type="E" activity="-1" lowerBound="-1" upperBound="-1" marginal="NaN"/>
           <constraint idx="3877" name="bilancio[78,28]" type="E" activity="-1" lowerBound="-1" upperBound="-1" marginal="NaN"/>
           <constraint idx="3918" name="bilancio[79,19]" type="E" activity="1" lowerBound="1" upperBound="1" marginal="NaN"/>
           <constraint idx="4042" name="bilancio[81,43]" type="E" activity="-1" lowerBound="-1" upperBound="-1" marginal="NaN"/>
           <constraint idx="4145" name="bilancio[83,46]" type="E" activity="1" lowerBound="1" upperBound="1" marginal="NaN"/>
           <constraint idx="4173" name="bilancio[84,24]" type="E" activity="-1" lowerBound="-1" upperBound="-1" marginal="NaN"/>
           <constraint idx="4184" name="bilancio[84,35]" type="E" activity="1" lowerBound="1" upperBound="1" marginal="NaN"/>
           <constraint idx="4206" name="bilancio[85,7]" type="E" activity="-1" lowerBound="-1" upperBound="-1" marginal="NaN"/>
           <constraint idx="4254" name="bilancio[86,5]" type="E" activity="1" lowerBound="1" upperBound="1" marginal="NaN"/>
           <constraint idx="4366" name="bilancio[88,17]" type="E" activity="1" lowerBound="1" upperBound="1" marginal="NaN"/>
           <constraint idx="4375" name="bilancio[88,26]" type="E" activity="1" lowerBound="1" upperBound="1" marginal="NaN"/>
           <constraint idx="4465" name="bilancio[90,16]" type="E" activity="1" lowerBound="1" upperBound="1" marginal="NaN"/>
           <constraint idx="4474" name="bilancio[90,25]" type="E" activity="1" lowerBound="1" upperBound="1" marginal="NaN"/>
           <constraint idx="4549" name="bilancio[91,50]" type="E" activity="1" lowerBound="1" upperBound="1" marginal="NaN"/>
           <constraint idx="4560" name="bilancio[92,11]" type="E" activity="1" lowerBound="1" upperBound="1" marginal="NaN"/>
           <constraint idx="4655" name="bilancio[94,6]" type="E" activity="1" lowerBound="1" upperBound="1" marginal="NaN"/>
           <constraint idx="4688" name="bilancio[94,39]" type="E" activity="1" lowerBound="1" upperBound="1" marginal="NaN"/>
           <constraint idx="4746" name="bilancio[95,47]" type="E" activity="1" lowerBound="1" upperBound="1" marginal="NaN"/>
           <constraint idx="4748" name="bilancio[95,49]" type="E" activity="1" lowerBound="1" upperBound="1" marginal="NaN"/>
           <constraint idx="4770" name="bilancio[96,21]" type="E" activity="-1" lowerBound="-1" upperBound="-1" marginal="NaN"/>
           <constraint idx="4812" name="bilancio[97,13]" type="E" activity="-1" lowerBound="-1" upperBound="-1" marginal="NaN"/>
           <constraint idx="4828" name="bilancio[97,29]" type="E" activity="-1" lowerBound="-1" upperBound="-1" marginal="NaN"/>
           <constraint idx="4830" name="bilancio[97,31]" type="E" activity="1" lowerBound="1" upperBound="1" marginal="NaN"/>
           <constraint idx="4858" name="bilancio[98,9]" type="E" activity="-1" lowerBound="-1" upperBound="-1" marginal="NaN"/>
           <constraint idx="4879" name="bilancio[98,30]" type="E" activity="-1" lowerBound="-1" upperBound="-1" marginal="NaN"/>
           <constraint idx="4883" name="bilancio[98,34]" type="E" activity="-1" lowerBound="-1" upperBound="-1" marginal="NaN"/>
           <constraint idx="4920" name="bilancio[99,21]" type="E" activity="1" lowerBound="1" upperBound="1" marginal="NaN"/>
           <constraint idx="4960" name="bilancio[100,11]" type="E" activity="-1" lowerBound="-1" upperBound="-1" marginal="NaN"/>
           <constraint idx="4967" name="bilancio[100,18]" type="E" activity="-1" lowerBound="-1" upperBound="-1" marginal="NaN"/>
           <constraint idx="5000" name="lunghezza[1]" type="L" activity="2" lowerBound="-INF" upperBound="2" marginal="NaN"/>
           <constraint idx="5001" name="lunghezza[2]" type="L" activity="2" lowerBound="-INF" upperBound="2" marginal="NaN"/>
           <constraint idx="5002" name="lunghezza[3]" type="L" activity="2" lowerBound="-INF" upperBound="2" marginal="NaN"/>
           <constraint idx="5003" name="lunghezza[4]" type="L" activity="2" lowerBound="-INF" upperBound="2" marginal="NaN"/>
           <constraint idx="5004" name="lunghezza[5]" type="L" activity="2" lowerBound="-INF" upperBound="2" marginal="NaN"/>
           <constraint idx="5005" name="lunghezza[6]" type="L" activity="2" lowerBound="-INF" upperBound="2" marginal="NaN"/>
           <constraint idx="5006" name="lunghezza[7]" type="L" activity="2" lowerBound="-INF" upperBound="2" marginal="NaN"/>
           <constraint idx="5007" name="lunghezza[8]" type="L" activity="1" lowerBound="-INF" upperBound="2" marginal="NaN"/>
           <constraint idx="5008" name="lunghezza[9]" type="L" activity="2" lowerBound="-INF" upperBound="2" marginal="NaN"/>
           <constraint idx="5009" name="lunghezza[10]" type="L" activity="2" lowerBound="-INF" upperBound="2" marginal="NaN"/>
           <constraint idx="5010" name="lunghezza[11]" type="L" activity="1" lowerBound="-INF" upperBound="2" marginal="NaN"/>
           <constraint idx="5011" name="lunghezza[12]" type="L" activity="1" lowerBound="-INF" upperBound="2" marginal="NaN"/>
           <constraint idx="5012" name="lunghezza[13]" type="L" activity="2" lowerBound="-INF" upperBound="2" marginal="NaN"/>
           <constraint idx="5013" name="lunghezza[14]" type="L" activity="2" lowerBound="-INF" upperBound="2" marginal="NaN"/>
           <constraint idx="5014" name="lunghezza[15]" type="L" activity="1" lowerBound="-INF" upperBound="2" marginal="NaN"/>
           <constraint idx="5015" name="lunghezza[16]" type="L" activity="1" lowerBound="-INF" upperBound="2" marginal="NaN"/>
           <constraint idx="5016" name="lunghezza[17]" type="L" activity="2" lowerBound="-INF" upperBound="2" marginal="NaN"/>
           <constraint idx="5017" name="lunghezza[18]" type="L" activity="2" lowerBound="-INF" upperBound="2" marginal="NaN"/>
           <constraint idx="5018" name="lunghezza[19]" type="L" activity="2" lowerBound="-INF" upperBound="2" marginal="NaN"/>
           <constraint idx="5019" name="lunghezza[20]" type="L" activity="2" lowerBound="-INF" upperBound="2" marginal="NaN"/>
           <constraint idx="5020" name="lunghezza[21]" type="L" activity="1" lowerBound="-INF" upperBound="2" marginal="NaN"/>
           <constraint idx="5021" name="lunghezza[22]" type="L" activity="2" lowerBound="-INF" upperBound="2" marginal="NaN"/>
           <constraint idx="5022" name="lunghezza[23]" type="L" activity="2" lowerBound="-INF" upperBound="2" marginal="NaN"/>
           <constraint idx="5023" name="lunghezza[24]" type="L" activity="2" lowerBound="-INF" upperBound="2" marginal="NaN"/>
           <constraint idx="5024" name="lunghezza[25]" type="L" activity="2" lowerBound="-INF" upperBound="2" marginal="NaN"/>
           <constraint idx="5025" name="lunghezza[26]" type="L" activity="1" lowerBound="-INF" upperBound="2" marginal="NaN"/>
           <constraint idx="5026" name="lunghezza[27]" type="L" activity="2" lowerBound="-INF" upperBound="2" marginal="NaN"/>
           <constraint idx="5027" name="lunghezza[28]" type="L" activity="1" lowerBound="-INF" upperBound="2" marginal="NaN"/>
           <constraint idx="5028" name="lunghezza[29]" type="L" activity="1" lowerBound="-INF" upperBound="2" marginal="NaN"/>
           <constraint idx="5029" name="lunghezza[30]" type="L" activity="2" lowerBound="-INF" upperBound="2" marginal="NaN"/>
           <constraint idx="5030" name="lunghezza[31]" type="L" activity="2" lowerBound="-INF" upperBound="2" marginal="NaN"/>
           <constraint idx="5031" name="lunghezza[32]" type="L" activity="2" lowerBound="-INF" upperBound="2" marginal="NaN"/>
           <constraint idx="5032" name="lunghezza[33]" type="L" activity="2" lowerBound="-INF" upperBound="2" marginal="NaN"/>
           <constraint idx="5033" name="lunghezza[34]" type="L" activity="2" lowerBound="-INF" upperBound="2" marginal="NaN"/>
           <constraint idx="5034" name="lunghezza[35]" type="L" activity="2" lowerBound="-INF" upperBound="2" marginal="NaN"/>
           <constraint idx="5035" name="lunghezza[36]" type="L" activity="2" lowerBound="-INF" upperBound="2" marginal="NaN"/>
           <constraint idx="5036" name="lunghezza[37]" type="L" activity="2" lowerBound="-INF" upperBound="2" marginal="NaN"/>
           <constraint idx="5037" name="lunghezza[38]" type="L" activity="2" lowerBound="-INF" upperBound="2" marginal="NaN"/>
           <constraint idx="5038" name="lunghezza[39]" type="L" activity="2" lowerBound="-INF" upperBound="2" marginal="NaN"/>
           <constraint idx="5039" name="lunghezza[40]" type="L" activity="2" lowerBound="-INF" upperBound="2" marginal="NaN"/>
           <constraint idx="5040" name="lunghezza[41]" type="L" activity="2" lowerBound="-INF" upperBound="2" marginal="NaN"/>
           <constraint idx="5041" name="lunghezza[42]" type="L" activity="2" lowerBound="-INF" upperBound="2" marginal="NaN"/>
           <constraint idx="5042" name="lunghezza[43]" type="L" activity="2" lowerBound="-INF" upperBound="2" marginal="NaN"/>
           <constraint idx="5043" name="lunghezza[44]" type="L" activity="2" lowerBound="-INF" upperBound="2" marginal="NaN"/>
           <constraint idx="5044" name="lunghezza[45]" type="L" activity="2" lowerBound="-INF" upperBound="2" marginal="NaN"/>
           <constraint idx="5045" name="lunghezza[46]" type="L" activity="1" lowerBound="-INF" upperBound="2" marginal="NaN"/>
           <constraint idx="5046" name="lunghezza[47]" type="L" activity="2" lowerBound="-INF" upperBound="2" marginal="NaN"/>
           <constraint idx="5047" name="lunghezza[48]" type="L" activity="1" lowerBound="-INF" upperBound="2" marginal="NaN"/>
           <constraint idx="5048" name="lunghezza[49]" type="L" activity="2" lowerBound="-INF" upperBound="2" marginal="NaN"/>
           <constraint idx="5049" name="lunghezza[50]" type="L" activity="2" lowerBound="-INF" upperBound="2" marginal="NaN"/>
           <constraint idx="5080" name="unico[1,16,1]" type="L" activity="1" lowerBound="-INF" upperBound="1" marginal="NaN"/>
           <constraint idx="5087" name="unico[1,19,2]" type="L" activity="1" lowerBound="-INF" upperBound="1" marginal="NaN"/>
           <constraint idx="5391" name="unico[2,71,2]" type="L" activity="1" lowerBound="-INF" upperBound="1" marginal="NaN"/>
           <constraint idx="5394" name="unico[2,73,1]" type="L" activity="1" lowerBound="-INF" upperBound="1" marginal="NaN"/>
           <constraint idx="5472" name="unico[3,12,1]" type="L" activity="1" lowerBound="-INF" upperBound="1" marginal="NaN"/>
           <constraint idx="5589" name="unico[3,70,2]" type="L" activity="1" lowerBound="-INF" upperBound="1" marginal="NaN"/>
           <constraint idx="5738" name="unico[4,45,1]" type="L" activity="1" lowerBound="-INF" upperBound="1" marginal="NaN"/>
           <constraint idx="5768" name="unico[4,60,1]" type="L" activity="1" lowerBound="-INF" upperBound="1" marginal="NaN"/>
           <constraint idx="5894" name="unico[5,23,1]" type="L" activity="1" lowerBound="-INF" upperBound="1" marginal="NaN"/>
           <constraint idx="5899" name="unico[5,25,2]" type="L" activity="1" lowerBound="-INF" upperBound="1" marginal="NaN"/>
           <constraint idx="6201" name="unico[6,76,2]" type="L" activity="1" lowerBound="-INF" upperBound="1" marginal="NaN"/>
           <constraint idx="6204" name="unico[6,78,1]" type="L" activity="1" lowerBound="-INF" upperBound="1" marginal="NaN"/>
           <constraint idx="6278" name="unico[7,15,1]" type="L" activity="1" lowerBound="-INF" upperBound="1" marginal="NaN"/>
           <constraint idx="6419" name="unico[7,85,2]" type="L" activity="1" lowerBound="-INF" upperBound="1" marginal="NaN"/>
           <constraint idx="6580" name="unico[8,66,1]" type="L" activity="1" lowerBound="-INF" upperBound="1" marginal="NaN"/>
           <constraint idx="6835" name="unico[9,93,2]" type="L" activity="1" lowerBound="-INF" upperBound="1" marginal="NaN"/>
           <constraint idx="6844" name="unico[9,98,1]" type="L" activity="1" lowerBound="-INF" upperBound="1" marginal="NaN"/>
           <constraint idx="6913" name="unico[10,32,2]" type="L" activity="1" lowerBound="-INF" upperBound="1" marginal="NaN"/>
           <constraint idx="6979" name="unico[10,65,2]" type="L" activity="1" lowerBound="-INF" upperBound="1" marginal="NaN"/>
           <constraint idx="7249" name="unico[11,100,2]" type="L" activity="1" lowerBound="-INF" upperBound="1" marginal="NaN"/>
           <constraint idx="7357" name="unico[12,54,2]" type="L" activity="1" lowerBound="-INF" upperBound="1" marginal="NaN"/>
           <constraint idx="7522" name="unico[13,37,1]" type="L" activity="1" lowerBound="-INF" upperBound="1" marginal="NaN"/>
           <constraint idx="7643" name="unico[13,97,2]" type="L" activity="1" lowerBound="-INF" upperBound="1" marginal="NaN"/>
           <constraint idx="7665" name="unico[14,8,2]" type="L" activity="1" lowerBound="-INF" upperBound="1" marginal="NaN"/>
           <constraint idx="7738" name="unico[14,45,1]" type="L" activity="1" lowerBound="-INF" upperBound="1" marginal="NaN"/>
           <constraint idx="7884" name="unico[15,18,1]" type="L" activity="1" lowerBound="-INF" upperBound="1" marginal="NaN"/>
           <constraint idx="8157" name="unico[16,54,2]" type="L" activity="1" lowerBound="-INF" upperBound="1" marginal="NaN"/>
           <constraint idx="8300" name="unico[17,26,1]" type="L" activity="1" lowerBound="-INF" upperBound="1" marginal="NaN"/>
           <constraint idx="8307" name="unico[17,29,2]" type="L" activity="1" lowerBound="-INF" upperBound="1" marginal="NaN"/>
           <constraint idx="8586" name="unico[18,69,1]" type="L" activity="1" lowerBound="-INF" upperBound="1" marginal="NaN"/>
           <constraint idx="8649" name="unico[18,100,2]" type="L" activity="1" lowerBound="-INF" upperBound="1" marginal="NaN"/>
           <constraint idx="8686" name="unico[19,19,1]" type="L" activity="1" lowerBound="-INF" upperBound="1" marginal="NaN"/>
           <constraint idx="8691" name="unico[19,21,2]" type="L" activity="1" lowerBound="-INF" upperBound="1" marginal="NaN"/>
           <constraint idx="8894" name="unico[20,23,1]" type="L" activity="1" lowerBound="-INF" upperBound="1" marginal="NaN"/>
           <constraint idx="8903" name="unico[20,27,2]" type="L" activity="1" lowerBound="-INF" upperBound="1" marginal="NaN"/>
           <constraint idx="9240" name="unico[21,96,1]" type="L" activity="1" lowerBound="-INF" upperBound="1" marginal="NaN"/>
           <constraint idx="9301" name="unico[22,26,2]" type="L" activity="1" lowerBound="-INF" upperBound="1" marginal="NaN"/>
           <constraint idx="9376" name="unico[22,64,1]" type="L" activity="1" lowerBound="-INF" upperBound="1" marginal="NaN"/>
           <constraint idx="9560" name="unico[23,56,1]" type="L" activity="1" lowerBound="-INF" upperBound="1" marginal="NaN"/>
           <constraint idx="9605" name="unico[23,78,2]" type="L" activity="1" lowerBound="-INF" upperBound="1" marginal="NaN"/>
           <constraint idx="9807" name="unico[24,79,2]" type="L" activity="1" lowerBound="-INF" upperBound="1" marginal="NaN"/>
           <constraint idx="9816" name="unico[24,84,1]" type="L" activity="1" lowerBound="-INF" upperBound="1" marginal="NaN"/>
           <constraint idx="9988" name="unico[25,70,1]" type="L" activity="1" lowerBound="-INF" upperBound="1" marginal="NaN"/>
           <constraint idx="9993" name="unico[25,72,2]" type="L" activity="1" lowerBound="-INF" upperBound="1" marginal="NaN"/>
           <constraint idx="10177" name="unico[26,64,2]" type="L" activity="1" lowerBound="-INF" upperBound="1" marginal="NaN"/>
           <constraint idx="10389" name="unico[27,70,2]" type="L" activity="1" lowerBound="-INF" upperBound="1" marginal="NaN"/>
           <constraint idx="10390" name="unico[27,71,1]" type="L" activity="1" lowerBound="-INF" upperBound="1" marginal="NaN"/>
           <constraint idx="10605" name="unico[28,78,2]" type="L" activity="1" lowerBound="-INF" upperBound="1" marginal="NaN"/>
           <constraint idx="10843" name="unico[29,97,2]" type="L" activity="1" lowerBound="-INF" upperBound="1" marginal="NaN"/>
           <constraint idx="11006" name="unico[30,79,1]" type="L" activity="1" lowerBound="-INF" upperBound="1" marginal="NaN"/>
           <constraint idx="11045" name="unico[30,98,2]" type="L" activity="1" lowerBound="-INF" upperBound="1" marginal="NaN"/>
           <constraint idx="11051" name="unico[31,1,2]" type="L" activity="1" lowerBound="-INF" upperBound="1" marginal="NaN"/>
           <constraint idx="11234" name="unico[31,93,1]" type="L" activity="1" lowerBound="-INF" upperBound="1" marginal="NaN"/>
           <constraint idx="11258" name="unico[32,5,1]" type="L" activity="1" lowerBound="-INF" upperBound="1" marginal="NaN"/>
           <constraint idx="11355" name="unico[32,53,2]" type="L" activity="1" lowerBound="-INF" upperBound="1" marginal="NaN"/>
           <constraint idx="11519" name="unico[33,35,2]" type="L" activity="1" lowerBound="-INF" upperBound="1" marginal="NaN"/>
           <constraint idx="11520" name="unico[33,36,1]" type="L" activity="1" lowerBound="-INF" upperBound="1" marginal="NaN"/>
           <constraint idx="11844" name="unico[34,98,1]" type="L" activity="1" lowerBound="-INF" upperBound="1" marginal="NaN"/>
           <constraint idx="11849" name="unico[34,100,2]" type="L" activity="1" lowerBound="-INF" upperBound="1" marginal="NaN"/>
           <constraint idx="11885" name="unico[35,18,2]" type="L" activity="1" lowerBound="-INF" upperBound="1" marginal="NaN"/>
           <constraint idx="12014" name="unico[35,83,1]" type="L" activity="1" lowerBound="-INF" upperBound="1" marginal="NaN"/>
           <constraint idx="12080" name="unico[36,16,1]" type="L" activity="1" lowerBound="-INF" upperBound="1" marginal="NaN"/>
           <constraint idx="12087" name="unico[36,19,2]" type="L" activity="1" lowerBound="-INF" upperBound="1" marginal="NaN"/>
           <constraint idx="12261" name="unico[37,6,2]" type="L" activity="1" lowerBound="-INF" upperBound="1" marginal="NaN"/>
           <constraint idx="12307" name="unico[37,29,2]" type="L" activity="1" lowerBound="-INF" upperBound="1" marginal="NaN"/>
           <constraint idx="12512" name="unico[38,32,1]" type="L" activity="1" lowerBound="-INF" upperBound="1" marginal="NaN"/>
           <constraint idx="12529" name="unico[38,40,2]" type="L" activity="1" lowerBound="-INF" upperBound="1" marginal="NaN"/>
           <constraint idx="12744" name="unico[39,48,1]" type="L" activity="1" lowerBound="-INF" upperBound="1" marginal="NaN"/>
           <constraint idx="12763" name="unico[39,57,2]" type="L" activity="1" lowerBound="-INF" upperBound="1" marginal="NaN"/>
           <constraint idx="12912" name="unico[40,32,1]" type="L" activity="1" lowerBound="-INF" upperBound="1" marginal="NaN"/>
           <constraint idx="12979" name="unico[40,65,2]" type="L" activity="1" lowerBound="-INF" upperBound="1" marginal="NaN"/>
           <constraint idx="13082" name="unico[41,17,1]" type="L" activity="1" lowerBound="-INF" upperBound="1" marginal="NaN"/>
           <constraint idx="13139" name="unico[41,45,2]" type="L" activity="1" lowerBound="-INF" upperBound="1" marginal="NaN"/>
           <constraint idx="13255" name="unico[42,3,2]" type="L" activity="1" lowerBound="-INF" upperBound="1" marginal="NaN"/>
           <constraint idx="13277" name="unico[42,14,2]" type="L" activity="1" lowerBound="-INF" upperBound="1" marginal="NaN"/>
           <constraint idx="13558" name="unico[43,55,1]" type="L" activity="1" lowerBound="-INF" upperBound="1" marginal="NaN"/>
           <constraint idx="13611" name="unico[43,81,2]" type="L" activity="1" lowerBound="-INF" upperBound="1" marginal="NaN"/>
           <constraint idx="13702" name="unico[44,27,1]" type="L" activity="1" lowerBound="-INF" upperBound="1" marginal="NaN"/>
           <constraint idx="13709" name="unico[44,30,2]" type="L" activity="1" lowerBound="-INF" upperBound="1" marginal="NaN"/>
           <constraint idx="13880" name="unico[45,16,1]" type="L" activity="1" lowerBound="-INF" upperBound="1" marginal="NaN"/>
           <constraint idx="13899" name="unico[45,25,2]" type="L" activity="1" lowerBound="-INF" upperBound="1" marginal="NaN"/>
           <constraint idx="14115" name="unico[46,33,2]" type="L" activity="1" lowerBound="-INF" upperBound="1" marginal="NaN"/>
           <constraint idx="14395" name="unico[47,73,2]" type="L" activity="1" lowerBound="-INF" upperBound="1" marginal="NaN"/>
           <constraint idx="14396" name="unico[47,74,1]" type="L" activity="1" lowerBound="-INF" upperBound="1" marginal="NaN"/>
           <constraint idx="14599" name="unico[48,75,2]" type="L" activity="1" lowerBound="-INF" upperBound="1" marginal="NaN"/>
           <constraint idx="14791" name="unico[49,71,2]" type="L" activity="1" lowerBound="-INF" upperBound="1" marginal="NaN"/>
           <constraint idx="14824" name="unico[49,88,1]" type="L" activity="1" lowerBound="-INF" upperBound="1" marginal="NaN"/>
           <constraint idx="14977" name="unico[50,64,2]" type="L" activity="1" lowerBound="-INF" upperBound="1" marginal="NaN"/>
           <constraint idx="14986" name="unico[50,69,1]" type="L" activity="1" lowerBound="-INF" upperBound="1" marginal="NaN"/>
       </linearConstraints>
   </solution>
</CmplSolutions>
